ComputerName,HardwareVendor,HardwareModel,device_os
LOFT-M2085,Apple Inc.,"MacBookPro16,1",macOS
LOFT-M2085,Apple Inc.,"MacBookPro16,1",macOS
LOFT-M2085,Apple Inc.,"MacBookPro16,1",macOS
LOFT-SPM-2007,Apple Inc.,"MacBookPro16,1",macOS
LOFT-SPM-2007,Apple Inc.,"MacBookPro16,1",macOS
LOFT-SPM-2007,Apple Inc.,"MacBookPro16,1",macOS
LOFT-SPW-2568,Dell Inc.,Latitude 7400,Windows
LOFT-SPM-2002,Apple Inc.,"MacBookPro16,1",macOS
LOFT-SPM-2002,Apple Inc.,"MacBookPro16,1",macOS
LOFT-SPM-2002,Apple Inc.,"MacBookPro16,1",macOS
LOFT-SPW-0182,Dell Inc.,Latitude 3490,Windows
LOFT-AUGW-0824,Avell High Performance,Avell G1555 MUV / A62 MUV,Windows
LOFT-SPW-2529,Dell Inc.,Latitude 3400,Windows
LOFT-SPW-0935,Dell Inc.,Latitude 3400,Windows
LOFT-AUGW-0636,Dell Inc.,Latitude 3490,Windows
LOFT-SPM-2737,Apple Inc.,"MacBookAir9,1",macOS
LOFT-SPM-2737,Apple Inc.,"MacBookAir9,1",macOS
LOFT-SPW-0887,Dell Inc.,Latitude 3400,Windows
LOFT-SPM-2021,Apple Inc.,"MacBookPro16,1",macOS
LOFT-SPM-2021,Apple Inc.,"MacBookPro16,1",macOS
LOFT-SPM-2509,Apple Inc.,"MacBookPro16,1",macOS
LOFT-SPM-2509,Apple Inc.,"MacBookPro16,1",macOS
LOFT-SPM-2509,Apple Inc.,"MacBookPro16,1",macOS
LOFT-SPL-0825,Avell High Performance,Avell G1555 MUV / A62 MUV,Ubuntu
LOFT-SPW-0455,Dell Inc.,Latitude 3490,Windows
LOFT-SPM-2457,Apple Inc.,"MacBookPro15,4",macOS
LOFT-SPM-2457,Apple Inc.,"MacBookPro15,4",macOS
LOFT-SPM-2457,Apple Inc.,"MacBookPro15,4",macOS
LOFT-BRMW-1121,LENOVO,20H2S0A200,Windows
LOFT-SPM-2262,Apple Inc.,"MacBookPro16,1",macOS
LOFT-SPM-2262,Apple Inc.,"MacBookPro16,1",macOS
LOFT-SPM-2262,Apple Inc.,"MacBookPro16,1",macOS
LOFT-SPM-2666,Apple Inc.,"MacBookPro16,1",macOS
LOFT-SPM-2666,Apple Inc.,"MacBookPro16,1",macOS
LOFT-SPM-2471,Apple Inc.,"MacBookPro16,1",macOS
LOFT-SPM-2471,Apple Inc.,"MacBookPro16,1",macOS
LOFT-SPW-2284,Dell Inc.,Latitude 3410,Windows
LOFT-SPM-2011,Apple Inc.,"MacBookPro16,1",macOS
LOFT-SPM-2011,Apple Inc.,"MacBookPro16,1",macOS
LOFT-SPW-3025,Dell Inc.,Latitude 3410,Windows
LOFT-SPM-2557,Apple Inc.,"MacBookPro16,1",macOS
LOFT-SPM-2557,Apple Inc.,"MacBookPro16,1",macOS
LOFT-SPM-2557,Apple Inc.,"MacBookPro16,1",macOS
LOFT-SPW-0266,Dell Inc.,Latitude 3490,Windows
LOFT-SPW-0969,Dell Inc.,Latitude 3400,Windows
LOFT-SPM-1355,Apple Inc.,"MacBookPro16,1",macOS
LOFT-SPM-1355,Apple Inc.,"MacBookPro16,1",macOS
LOFT-SPM-1355,Apple Inc.,"MacBookPro16,1",macOS
LOFT-SPM-1483,Apple Inc.,"MacBookPro16,1",macOS
LOFT-SPM-1483,Apple Inc.,"MacBookPro16,1",macOS
LOFT-SPM-1396,Apple Inc.,"MacBookPro16,1",macOS
LOFT-SPM-1396,Apple Inc.,"MacBookPro16,1",macOS
LOFT-SPW-0173,Dell Inc.,Latitude 3490,Windows
LOFT-SPM-1752,Apple Inc.,"MacBookPro16,1",macOS
LOFT-SPM-1752,Apple Inc.,"MacBookPro16,1",macOS
LOFT-SPM-1752,Apple Inc.,"MacBookPro16,1",macOS
LOFT-SPW-0283,Dell Inc.,Latitude 3490,Windows
LOFT-SPM-3589,Apple Inc.,"MacBookPro16,1",macOS
LOFT-SPM-3589,Apple Inc.,"MacBookPro16,1",macOS
LOFT-SPM-3589,Apple Inc.,"MacBookPro16,1",macOS
LOFT-SPW-3000,Dell Inc.,Latitude 3410,Windows
LOFT-SPM-3551,Apple Inc.,"MacBookPro16,1",macOS
LOFT-SPM-3551,Apple Inc.,"MacBookPro16,1",macOS
LOFT-SPM-3551,Apple Inc.,"MacBookPro16,1",macOS
LOFT-SPW-03008,Dell Inc.,Latitude 3410,Windows
LOFT-SPW-03024,Dell Inc.,Latitude 3410,Windows
LOFT-SPW-03041,Dell Inc.,Latitude 3410,Windows
LOFT-SPW-0701,Dell Inc.,Latitude 3490,Windows
LOFT-SPM-3502,Apple Inc.,"MacBook Pro (13-inch, M1, 2020)",macOS
LOFT-SPM-3502,Apple Inc.,"MacBook Pro (13-inch, M1, 2020)",macOS
LOFT-SPM-3507,Apple Inc.,"MacBookPro16,1",macOS
LOFT-SPM-3507,Apple Inc.,"MacBookPro16,1",macOS
LOFT-SPW-0421,Dell Inc.,Latitude 3490,Windows
LOFT-SPM-3523,Apple Inc.,"MacBookPro16,1",macOS
LOFT-SPM-3523,Apple Inc.,"MacBookPro16,1",macOS
LOFT-W3582,Dell Inc.,Latitude 3410,Windows
LOFT-SPM-3529,Apple Inc.,"MacBookPro16,1",macOS
LOFT-SPM-3529,Apple Inc.,"MacBookPro16,1",macOS
LOFT-SPM-3526,Apple Inc.,"MacBook Air (M1, 2020)",macOS
LOFT-SPM-3526,Apple Inc.,"MacBook Air (M1, 2020)",macOS
LOFT-SPM-3541,Apple Inc.,"MacBookPro16,1",macOS
LOFT-SPM-3541,Apple Inc.,"MacBookPro16,1",macOS
LOFT-SPW-3471,Dell Inc.,Latitude 3420,Windows
LOFT-SPW-3274,Dell Inc.,Latitude 3420,Windows
LOFT-SPM-3547,Apple Inc.,"MacBookPro16,1",macOS
LOFT-SPM-3547,Apple Inc.,"MacBookPro16,1",macOS
LOFT-SPM-3597,Apple Inc.,"MacBook Air (M1, 2020)",macOS
LOFT-SPM-3597,Apple Inc.,"MacBook Air (M1, 2020)",macOS
LOFT-SPM-3597,Apple Inc.,"MacBook Air (M1, 2020)",macOS
LOFT-SPM-3594,Apple Inc.,"MacBookPro16,1",macOS
LOFT-SPM-3594,Apple Inc.,"MacBookPro16,1",macOS
LOFT-SPM-3594,Apple Inc.,"MacBookPro16,1",macOS
LOFT-SPW-3305,Dell Inc.,Latitude 3420,Windows
LOFT-SPM-3576,Apple Inc.,"MacBookPro16,1",macOS
LOFT-SPM-3576,Apple Inc.,"MacBookPro16,1",macOS
LOFT-SPM-3576,Apple Inc.,"MacBookPro16,1",macOS
LOFT-SPM-2089,Apple Inc.,"MacBookPro15,4",macOS
LOFT-SPM-2089,Apple Inc.,"MacBookPro15,4",macOS
LOFT-SPW-3145,Dell Inc.,Latitude 3420,Windows
LOFT-SPW-3058,Dell Inc.,Latitude 3420,Windows
LOFT-SPW-3060,Dell Inc.,Latitude 3420,Windows
LOFT-SPM-3592,Apple Inc.,"MacBookPro16,1",macOS
LOFT-SPM-3592,Apple Inc.,"MacBookPro16,1",macOS
LOFT-SPW-3057,Dell Inc.,Latitude 3420,Windows
LOFT-SPW-3099,Dell Inc.,Latitude 3420,Windows
LOFT-M3599,Apple Inc.,"MacBook Air (M1, 2020)",macOS
LOFT-M3599,Apple Inc.,"MacBook Air (M1, 2020)",macOS
LOFT-M3600,Apple Inc.,"MacBook Air (M1, 2020)",macOS
LOFT-M3600,Apple Inc.,"MacBook Air (M1, 2020)",macOS
LOFT-SPW-3074,Dell Inc.,Latitude 3420,Windows
LOFT-SPW-3085,Dell Inc.,Latitude 3420,Windows
LOFT-M3572,Apple Inc.,"MacBookPro16,1",macOS
LOFT-M3572,Apple Inc.,"MacBookPro16,1",macOS
LOFT-SPW-3073,Dell Inc.,Latitude 3420,Windows
LOFT-SPW-3098,Dell Inc.,Latitude 3420,Windows
LOFT-M3583,Apple Inc.,"MacBookPro16,1",macOS
LOFT-M3583,Apple Inc.,"MacBookPro16,1",macOS
LOFT-M3583,Apple Inc.,"MacBookPro16,1",macOS
LOFT-M3581,Apple Inc.,"MacBookPro16,1",macOS
LOFT-M3581,Apple Inc.,"MacBookPro16,1",macOS
LOFT-M3587,Apple Inc.,"MacBookPro16,1",macOS
LOFT-M3587,Apple Inc.,"MacBookPro16,1",macOS
LOFT-M3569,Apple Inc.,"MacBookPro16,1",macOS
LOFT-M3569,Apple Inc.,"MacBookPro16,1",macOS
LOFT-W0654,Dell Inc.,Latitude 3490,Windows
LOFT-SPW-3216,Dell Inc.,Latitude 3420,Windows
LOFT-SPW-3061,Dell Inc.,Latitude 3420,Windows
LOFT-SPW-3111,Dell Inc.,Latitude 3420,Windows
LOFT-M3465,Apple Inc.,"MacBookPro16,1",macOS
LOFT-M3465,Apple Inc.,"MacBookPro16,1",macOS
LOFT-SPW-3345,Dell Inc.,Latitude 3420,Windows
LOFT-SPW-3366,Dell Inc.,Latitude 3420,Windows
LOFT-SPW-3206,Dell Inc.,Latitude 3420,Windows
LOFT-SPW-3382,Dell Inc.,Latitude 3420,Windows
LOFT-SPW-3361,Dell Inc.,Latitude 3420,Windows
LOFT-SPW-3268,Dell Inc.,Latitude 3420,Windows
LOFT-M3474,Apple Inc.,"MacBookPro16,1",macOS
LOFT-M3474,Apple Inc.,"MacBookPro16,1",macOS
LOFT-SPW-3297,Dell Inc.,Latitude 3420,Windows
LOFT-M3485,Apple Inc.,"MacBookPro16,1",macOS
LOFT-M3485,Apple Inc.,"MacBookPro16,1",macOS
LOFT-M3485,Apple Inc.,"MacBookPro16,1",macOS
LOFT-SPW-3408,Dell Inc.,Latitude 3420,Windows
LOFT-SPW-3439,Dell Inc.,Latitude 3420,Windows
LOFT-SPW-3442,Dell Inc.,Latitude 3420,Windows
LOFT-SPW-3443,Dell Inc.,Latitude 3420,Windows
LOFT-M3487,Apple Inc.,"MacBookPro16,1",macOS
LOFT-M3487,Apple Inc.,"MacBookPro16,1",macOS
LOFT-M3487,Apple Inc.,"MacBookPro16,1",macOS
LOFT-M3493,Apple Inc.,"MacBookPro16,1",macOS
LOFT-M3493,Apple Inc.,"MacBookPro16,1",macOS
LOFT-M3493,Apple Inc.,"MacBookPro16,1",macOS
LOFT-M3494,Apple Inc.,"MacBookPro16,1",macOS
LOFT-M3494,Apple Inc.,"MacBookPro16,1",macOS
LOFT-M3494,Apple Inc.,"MacBookPro16,1",macOS
LOFT-SPW-3267,Dell Inc.,Latitude 3420,Windows
LOFT-SPW-3488,Dell Inc.,Latitude 3420,Windows
LOFT-SPM-3596,Apple Inc.,"MacBookPro16,1",macOS
LOFT-SPM-3596,Apple Inc.,"MacBookPro16,1",macOS
LOFT-L3087,Dell Inc.,Latitude 3420,LinuxMint
LOFT-M3900,Apple Inc.,"MacBookPro16,1",macOS
LOFT-M3900,Apple Inc.,"MacBookPro16,1",macOS
LOFT-M3900,Apple Inc.,"MacBookPro16,1",macOS
LOFT-M3497,Apple Inc.,"MacBookPro16,1",macOS
LOFT-M3497,Apple Inc.,"MacBookPro16,1",macOS
LOFT-M3497,Apple Inc.,"MacBookPro16,1",macOS
LOFT-SPM-3595,Apple Inc.,"MacBookPro16,1",macOS
LOFT-SPM-3595,Apple Inc.,"MacBookPro16,1",macOS
LOFT-W3034,Dell Inc.,Latitude 3410,Windows
LOFT-SPW-3224,Dell Inc.,Latitude 3420,Windows
LOFT-SPW-3333,Dell Inc.,Latitude 3420,Windows
LOFT-M3492,Apple Inc.,"MacBookPro16,1",macOS
LOFT-M3492,Apple Inc.,"MacBookPro16,1",macOS
LOFT-M3893,Apple Inc.,"MacBookPro16,1",macOS
LOFT-M3893,Apple Inc.,"MacBookPro16,1",macOS
LOFT-M3893,Apple Inc.,"MacBookPro16,1",macOS
LOFT-SPW-3399,Dell Inc.,Latitude 3420,Windows
LOFT-W0994,Dell Inc.,Latitude 3400,Windows
LOFT-SPW-3449,Dell Inc.,Latitude 3420,Windows
LOFT-SPW-3119,Dell Inc.,Latitude 3420,Windows
LOFT-SPW-3234,Dell Inc.,Latitude 3420,Windows
LOFT-SPW-3484,Dell Inc.,Latitude 3420,Windows
LOFT-SPW-3150,Dell Inc.,Latitude 3420,Windows
LOFT-M2514,Apple Inc.,"MacBookPro16,1",macOS
LOFT-M2514,Apple Inc.,"MacBookPro16,1",macOS
LOFT-SPW-3233,Dell Inc.,Latitude 3420,
LOFT-SPW-3273,Dell Inc.,Latitude 3420,Windows
LOFT-SPW-3498,Dell Inc.,Latitude 3420,
LOFT-SPW-3360,Dell Inc.,Latitude 3420,Windows
LOFT-SPW-3186,Dell Inc.,Latitude 3420,Windows
LOFT-M3879,Apple Inc.,"MacBook Pro (13-inch, M1, 2020)",macOS
LOFT-M3879,Apple Inc.,"MacBook Pro (13-inch, M1, 2020)",macOS
LOFT-SPW-3320,Dell Inc.,Latitude 3420,Windows
LOFT-SPW-3376,Dell Inc.,Latitude 3420,Windows
LOFT-SPW-3231,Dell Inc.,Latitude 3420,Windows
LOFT-SPW-3218,Dell Inc.,Latitude 3420,Windows
LOFT-M0054,Apple Inc.,"MacBookPro15,1",macOS
LOFT-M0054,Apple Inc.,"MacBookPro15,1",macOS
LOFTZOOM-W0966-PRIDE-1,Dell Inc.,Latitude 3400,Windows
LOFTZOOM-W0363-BARRAISERS-3,Dell Inc.,Latitude 3400,Windows
LOFTZOOM-W0398-BELOHORIZONTE-4,Dell Inc.,Latitude 3400,Windows
LOFTZOOM-W0189-BRASIL-4,Dell Inc.,Latitude 3490,Windows
LOFTZOOM-W0832-NUNCAESOUMAP-3,Dell Inc.,Latitude 3400,Windows
LOFT-ZOOM-0583,Dell Inc.,Latitude 3490,Windows
LOFTZOOM-W0495-ILHAVARANDA-4,Dell Inc.,Vostro 5471,Windows
LOFTZOOM-W0608-ILHAHALL-4,Dell Inc.,Latitude 3490,Windows
LOFT-M3869,Apple Inc.,"MacBook Pro (13-inch, M1, 2020)",macOS
LOFT-M3869,Apple Inc.,"MacBook Pro (13-inch, M1, 2020)",macOS
LOFT-M3869,Apple Inc.,"MacBook Pro (13-inch, M1, 2020)",macOS
LOFT-W3118,Dell Inc.,Latitude 3420,Windows
LOFT-W3420,Dell Inc.,Latitude 3420,Windows
LOFT-ZOOM-3319,Dell Inc.,Latitude 3420,Windows
LOFT-M3404,Apple Inc.,"MacBookPro16,1",macOS
LOFT-M3404,Apple Inc.,"MacBookPro16,1",macOS
LOFT-M3404,Apple Inc.,"MacBookPro16,1",macOS
LOFT-SPW-3605,Dell Inc.,Latitude 3420,Windows
LOFT-M3411,Apple Inc.,"MacBook Pro (13-inch, M1, 2020)",macOS
LOFT-M3411,Apple Inc.,"MacBook Pro (13-inch, M1, 2020)",macOS
LOFT-SPW-3583,Dell Inc.,Latitude 3420,Windows
LOFT-M3774,Apple Inc.,"MacBook Pro (13-inch, M1, 2020)",macOS
LOFT-M3774,Apple Inc.,"MacBook Pro (13-inch, M1, 2020)",macOS
LOFT-SPW-3643,Dell Inc.,Latitude 3420,Windows
LOFT-SPW-3740,Dell Inc.,Latitude 3420,Windows
LOFT-SPW-3532,Dell Inc.,Latitude 3420,Windows
LOFT-M03448,Apple Inc.,"MacBook Pro (13-inch, M1, 2020)",macOS
LOFT-M03448,Apple Inc.,"MacBook Pro (13-inch, M1, 2020)",macOS
LOFT-M03448,Apple Inc.,"MacBook Pro (13-inch, M1, 2020)",macOS
LOFT-W3691,Dell Inc.,Latitude 3420,Windows
LOFT-M03416,Apple Inc.,"MacBookPro16,1",macOS
LOFT-M03416,Apple Inc.,"MacBookPro16,1",macOS
LOFT-M03416,Apple Inc.,"MacBookPro16,1",macOS
LOFT-W3574,Dell Inc.,Latitude 3420,Windows
LOFT-W3729,Dell Inc.,Latitude 3420,Windows
LOFT-W3630,Dell Inc.,Latitude 3420,Windows
LOFT-W3635,Dell Inc.,Latitude 3420,Windows
LOFT-W3709,Dell Inc.,Latitude 3420,Windows
LOFT-M3752,Apple Inc.,"MacBook Pro (13-inch, M1, 2020)",macOS
LOFT-M3752,Apple Inc.,"MacBook Pro (13-inch, M1, 2020)",macOS
LOFT-M3417,Apple Inc.,"MacBookPro16,1",macOS
LOFT-M3417,Apple Inc.,"MacBookPro16,1",macOS
LOFT-W3678,Dell Inc.,Latitude 3420,Windows
LOFT-M3440,Apple Inc.,"MacBookPro16,1",macOS
LOFT-M3440,Apple Inc.,"MacBookPro16,1",macOS
LOFT-M3751,Apple Inc.,"MacBook Pro (13-inch, M1, 2020)",macOS
LOFT-M3751,Apple Inc.,"MacBook Pro (13-inch, M1, 2020)",macOS
LOFT-W2393,LENOVO,20RBS7J600,Windows
LOFT-W3685,Dell Inc.,Latitude 3420,Windows
LOFT-W3522,Dell Inc.,Latitude 3420,Windows
LOFT-W3644,Dell Inc.,Latitude 3420,Windows
LOFT-W3666,Dell Inc.,Latitude 3420,Windows
LOFT-W3716,Dell Inc.,Latitude 3420,Windows
LOFT-SPM-2546,Apple Inc.,"MacBookPro16,1",macOS
LOFT-SPM-2546,Apple Inc.,"MacBookPro16,1",macOS
LOFT-M3429,Apple Inc.,"MacBookPro16,1",macOS
LOFT-M3429,Apple Inc.,"MacBookPro16,1",macOS
LOFT-M3768,Apple Inc.,"MacBookPro16,1",macOS
LOFT-M3768,Apple Inc.,"MacBookPro16,1",macOS
LOFT-M3768,Apple Inc.,"MacBookPro16,1",macOS
LOFT-M3770,Apple Inc.,"MacBookPro16,1",macOS
LOFT-M3770,Apple Inc.,"MacBookPro16,1",macOS
LOFT-M2004,Apple Inc.,"MacBookPro16,1",macOS
LOFT-M2004,Apple Inc.,"MacBookPro16,1",macOS
LOFT-M2004,Apple Inc.,"MacBookPro16,1",macOS
LOFT-W3603,Dell Inc.,Latitude 3420,Windows
LOFT-M3765,Apple Inc.,"MacBookPro16,1",macOS
LOFT-M3765,Apple Inc.,"MacBookPro16,1",macOS
LOFT-M3765,Apple Inc.,"MacBookPro16,1",macOS
LOFT-M3763,Apple Inc.,"MacBookPro16,1",macOS
LOFT-M3763,Apple Inc.,"MacBookPro16,1",macOS
LOFT-W3538,Dell Inc.,Latitude 3420,Windows
LOFT-M3434,Apple Inc.,"MacBookPro16,1",macOS
LOFT-M3434,Apple Inc.,"MacBookPro16,1",macOS
LOFT-M3794,Apple Inc.,"MacBookPro16,1",macOS
LOFT-M3794,Apple Inc.,"MacBookPro16,1",macOS
LOFT-M3794,Apple Inc.,"MacBookPro16,1",macOS
LOFT-W3612,Dell Inc.,Latitude 3420,Windows
LOFT-W3717,Dell Inc.,Latitude 3420,
LOFT-M3797,Apple Inc.,"MacBook Pro (14-inch, 2021)",macOS
LOFT-M3781,Apple Inc.,"MacBookPro16,1",macOS
LOFT-M3781,Apple Inc.,"MacBookPro16,1",macOS
LOFT-M2300 (1661),Apple Inc.,"MacBookPro15,4",macOS
LOFT-M2300 (1661),Apple Inc.,"MacBookPro15,4",macOS
LOFT-M3755,Apple Inc.,"MacBook Pro (13-inch, M1, 2020)",macOS
LOFT-M3755,Apple Inc.,"MacBook Pro (13-inch, M1, 2020)",macOS
LOFT-M3755,Apple Inc.,"MacBook Pro (13-inch, M1, 2020)",macOS
LOFT-W3572,Dell Inc.,Latitude 3420,Windows
LOFT-W3668,Dell Inc.,Latitude 3420,Windows
LOFT-W3670,Dell Inc.,Latitude 3420,Windows
LOFT-W3042,Dell Inc.,Latitude 3410,Windows
LOFT-W2336,Dell Inc.,Latitude 3410,Windows
LOFT-M3664,Apple Inc.,"MacBookPro16,1",macOS
LOFT-M3664,Apple Inc.,"MacBookPro16,1",macOS
LOFT-M3858,Apple Inc.,"MacBook Pro (13-inch, M1, 2020)",macOS
LOFT-M3858,Apple Inc.,"MacBook Pro (13-inch, M1, 2020)",macOS
LOFT-M3858,Apple Inc.,"MacBook Pro (13-inch, M1, 2020)",macOS
LOFT-W3463,Dell Inc.,Latitude 3420,Windows
LOFT-M3685,Apple Inc.,"MacBookPro16,1",macOS
LOFT-M3685,Apple Inc.,"MacBookPro16,1",macOS
LOFT-M3685,Apple Inc.,"MacBookPro16,1",macOS
LOFT-M3651,Apple Inc.,"MacBookPro16,1",macOS
LOFT-M3651,Apple Inc.,"MacBookPro16,1",macOS
LOFT-M3651,Apple Inc.,"MacBookPro16,1",macOS
LOFT-M3652,Apple Inc.,"MacBookPro16,1",macOS
LOFT-M3652,Apple Inc.,"MacBookPro16,1",macOS
LOFT-W3595,Dell Inc.,Latitude 3420,Windows
LOFT-W2689,Dell Inc.,Latitude 3410,Windows
LOFT-M3653,Apple Inc.,"MacBookPro16,1",macOS
LOFT-M3653,Apple Inc.,"MacBookPro16,1",macOS
LOFT-M3413,Apple Inc.,"MacBookPro16,1",macOS
LOFT-M3413,Apple Inc.,"MacBookPro16,1",macOS
LOFT-M3413,Apple Inc.,"MacBookPro16,1",macOS
LOFT-W3733,Dell Inc.,Latitude 3420,Windows
LOFT-M3430,Apple Inc.,"MacBookPro16,1",macOS
LOFT-M3430,Apple Inc.,"MacBookPro16,1",macOS
LOFT-M3430,Apple Inc.,"MacBookPro16,1",macOS
LOFT-M3659,Apple Inc.,"MacBookPro16,1",macOS
LOFT-M3659,Apple Inc.,"MacBookPro16,1",macOS
LOFT-M3659,Apple Inc.,"MacBookPro16,1",macOS
LOFT-M3675,Apple Inc.,"MacBookPro16,1",macOS
LOFT-M3675,Apple Inc.,"MacBookPro16,1",macOS
LOFT-L0812,Avell High Performance,Avell G1555 MUV / A62 MUV,Debian
LOFT-W2344,Dell Inc.,Latitude 3410,Windows
LOFT-W3689,Dell Inc.,Latitude 3420,Windows
LOFT-W0992,Dell Inc.,Latitude 3400,Windows
LOFT-L2100,Avell High Performance,Avell G1555 MUV / A62 MUV,Ubuntu
LOFT-SPW-0094,Apple Inc.,"MacBookPro16,1",macOS
LOFT-SPW-0094,Apple Inc.,"MacBookPro16,1",macOS
LOFT-W3317,Dell Inc.,Latitude 3420,Windows
LOFT-W2173,Dell Inc.,Latitude 3410,Windows
LOFT-M1007,Apple Inc.,"MacBookPro16,1",macOS
LOFT-M1007,Apple Inc.,"MacBookPro16,1",macOS
LOFT-M1007,Apple Inc.,"MacBookPro16,1",macOS
LOFT-M3555,Apple Inc.,"MacBookPro16,1",macOS
LOFT-M3555,Apple Inc.,"MacBookPro16,1",macOS
LOFT-M3555,Apple Inc.,"MacBookPro16,1",macOS
LOFT-M3477,Apple Inc.,"MacBookPro16,1",macOS
LOFT-M3477,Apple Inc.,"MacBookPro16,1",macOS
LOFT-M3477,Apple Inc.,"MacBookPro16,1",macOS
LOFT-W3208,Dell Inc.,Latitude 3420,Windows
LOFT-M2258,Apple Inc.,"MacBookPro16,1",macOS
LOFT-M2258,Apple Inc.,"MacBookPro16,1",macOS
LOFT-M2258,Apple Inc.,"MacBookPro16,1",macOS
LOFT-W3591,Dell Inc.,Latitude 3420,Windows
LOFT-W3397,Dell Inc.,Latitude 3420,Windows
LOFT-W3433,Dell Inc.,Latitude 3420,Windows
LOFT-M2261,Apple Inc.,"MacBookPro16,1",macOS
LOFT-M2261,Apple Inc.,"MacBookPro16,1",macOS
LOFT-M2261,Apple Inc.,"MacBookPro16,1",macOS
LOFT-M0026,Apple Inc.,"MacBookPro14,1",macOS
LOFT-M0026,Apple Inc.,"MacBookPro14,1",macOS
LOFT-M0026,Apple Inc.,"MacBookPro14,1",macOS
LOFT-M0243,Apple Inc.,"MacBookPro15,3",macOS
LOFT-M0243,Apple Inc.,"MacBookPro15,3",macOS
LOFT-M0243,Apple Inc.,"MacBookPro15,3",macOS
LOFT-W2999,Dell Inc.,Latitude 3410,
LOFT-M2095,Apple Inc.,"MacBookPro15,4",macOS
LOFT-M2095,Apple Inc.,"MacBookPro15,4",macOS
LOFT-M2095,Apple Inc.,"MacBookPro15,4",macOS
LOFT-M0028,Apple Inc.,"MacBookPro15,1",macOS
LOFT-M0028,Apple Inc.,"MacBookPro15,1",macOS
LOFT-M0028,Apple Inc.,"MacBookPro15,1",macOS
LOFT-M3435,Apple Inc.,"MacBookPro16,1",macOS
LOFT-M3435,Apple Inc.,"MacBookPro16,1",macOS
LOFT-M3455,Apple Inc.,"MacBookPro16,1",macOS
LOFT-M3455,Apple Inc.,"MacBookPro16,1",macOS
LOFT-M3455,Apple Inc.,"MacBookPro16,1",macOS
LOFT-W4000,Avell High Performance,A70 MOB,Windows
LOFT-BMRW-9763,Dell Inc.,Vostro 3400,Windows
LOFT-W3925,Avell High Performance,A70 MOB,Windows
LOFT-W3565,Dell Inc.,Latitude 3420,Windows
LOFT-W0845,Avell High Performance,Avell G1555 MUV / A62 MUV,Windows
LOFT-M3673,Apple Inc.,"MacBook Pro (13-inch, M1, 2020)",macOS
LOFT-M3673,Apple Inc.,"MacBook Pro (13-inch, M1, 2020)",macOS
LOFT-M3673,Apple Inc.,"MacBook Pro (13-inch, M1, 2020)",macOS
LOFT-M3656,Apple Inc.,"MacBook Pro (16-inch, 2021)",macOS
LOFT-M3656,Apple Inc.,"MacBook Pro (16-inch, 2021)",macOS
LOFT-M3701,Apple Inc.,"MacBook Pro (16-inch, 2021)",macOS
LOFT-M3701,Apple Inc.,"MacBook Pro (16-inch, 2021)",macOS
LOFT-M3786,Apple Inc.,"MacBook Pro (16-inch, 2021)",macOS
LOFT-M3786,Apple Inc.,"MacBook Pro (16-inch, 2021)",macOS
LOFT-M3786,Apple Inc.,"MacBook Pro (16-inch, 2021)",macOS
LOFT-L0740,Dell Inc.,Latitude 3400,Ubuntu
LOFT-W3159,Dell Inc.,Latitude 3420,Windows
LOFT-W3457,Dell Inc.,Latitude 3420,Windows
LOFT-L0808,Avell High Performance,Avell G1555 MUV / A62 MUV,Ubuntu
LOFT-W3745,Dell Inc.,Latitude 3420,Windows
LOFT-W3602,Dell Inc.,Latitude 3420,Windows
LOFT-W3720,Dell Inc.,Latitude 3420,Windows
LOFT-M2013,Apple Inc.,"MacBookPro16,1",macOS
LOFT-M2013,Apple Inc.,"MacBookPro16,1",macOS
LOFT-L0835,Avell High Performance,Avell G1555 MUV / A62 MUV,Ubuntu
LOFT-M3692,Apple Inc.,"MacBookPro16,1",macOS
LOFT-M3692,Apple Inc.,"MacBookPro16,1",macOS
LOFT-W3235,Dell Inc.,Latitude 3420,Windows
LOFT-W3348,Dell Inc.,Latitude 3420,Windows
LOFT-M3461,Apple Inc.,"MacBookPro16,1",macOS
LOFT-M3461,Apple Inc.,"MacBookPro16,1",macOS
LOFT-M1354,Apple Inc.,"MacBookPro11,4",macOS
LOFT-M1354,Apple Inc.,"MacBookPro11,4",macOS
LOFT-W3222,Dell Inc.,Latitude 3420,Windows
LOFT-W3217,Dell Inc.,Latitude 3420,Windows
LOFT-W2116,Dell Inc.,Latitude 3410,Windows
LOFT-W0811,Avell High Performance,Avell G1555 MUV / A62 MUV,Windows
LOFT-W3637,Dell Inc.,Latitude 3420,Windows
LOFT-M0067,Apple Inc.,"MacBookPro15,1",macOS
LOFT-M0067,Apple Inc.,"MacBookPro15,1",macOS
LOFT-M0067,Apple Inc.,"MacBookPro15,1",macOS
LOFT-M1021,Apple Inc.,"MacBookPro16,1",macOS
LOFT-M1021,Apple Inc.,"MacBookPro16,1",macOS
LOFT-AUGW-0747,LENOVO,20QV000GUS,Windows
LOFT-W3680,Dell Inc.,Latitude 3420,Windows
LOFT-W3537,Dell Inc.,Latitude 3420,Windows
LOFT-M0087,Apple Inc.,"MacBookPro16,1",macOS
LOFT-M0087,Apple Inc.,"MacBookPro16,1",macOS
LOFT-M0087,Apple Inc.,"MacBookPro16,1",macOS
LOFT-M3677,Apple Inc.,"MacBook Pro (13-inch, M1, 2020)",macOS
LOFT-M3677,Apple Inc.,"MacBook Pro (13-inch, M1, 2020)",macOS
LOFT-M3677,Apple Inc.,"MacBook Pro (13-inch, M1, 2020)",macOS
LOFT-W3081,Dell Inc.,Latitude 3420,Windows
LOFT-M3403,Apple Inc.,"MacBookPro16,1",macOS
LOFT-M3403,Apple Inc.,"MacBookPro16,1",macOS
LOFT-M3712,Apple Inc.,"MacBook Pro (13-inch, M1, 2020)",macOS
LOFT-M3712,Apple Inc.,"MacBook Pro (13-inch, M1, 2020)",macOS
LOFT-M3712,Apple Inc.,"MacBook Pro (13-inch, M1, 2020)",macOS
LOFT-M3710,Apple Inc.,"MacBook Pro (13-inch, M1, 2020)",macOS
LOFT-M3710,Apple Inc.,"MacBook Pro (13-inch, M1, 2020)",macOS
LOFT-M3705,Apple Inc.,"MacBook Pro (13-inch, M1, 2020)",macOS
LOFT-M3705,Apple Inc.,"MacBook Pro (13-inch, M1, 2020)",macOS
LOFT-M4004,Apple Inc.,"MacBook Pro (13-inch, M1, 2020)",macOS
LOFT-M4004,Apple Inc.,"MacBook Pro (13-inch, M1, 2020)",macOS
LOFT-M4004,Apple Inc.,"MacBook Pro (13-inch, M1, 2020)",macOS
LOFT-M4005,Apple Inc.,"MacBook Pro (13-inch, M1, 2020)",macOS
LOFT-M4005,Apple Inc.,"MacBook Pro (13-inch, M1, 2020)",macOS
LOFT-M4005,Apple Inc.,"MacBook Pro (13-inch, M1, 2020)",macOS
LOFT-M3704,Apple Inc.,"MacBook Pro (13-inch, M1, 2020)",macOS
LOFT-M3704,Apple Inc.,"MacBook Pro (13-inch, M1, 2020)",macOS
LOFT-M3704,Apple Inc.,"MacBook Pro (13-inch, M1, 2020)",macOS
LOFT-M4002,Apple Inc.,"MacBook Pro (13-inch, M1, 2020)",macOS
LOFT-M4002,Apple Inc.,"MacBook Pro (13-inch, M1, 2020)",macOS
LOFT-M4002,Apple Inc.,"MacBook Pro (13-inch, M1, 2020)",macOS
LOFT-M3584,Apple Inc.,"MacBookPro16,1",macOS
LOFT-M3584,Apple Inc.,"MacBookPro16,1",macOS
LOFT-M3537,Apple Inc.,"MacBookPro16,1",macOS
LOFT-M3537,Apple Inc.,"MacBookPro16,1",macOS
LOFT-M3537,Apple Inc.,"MacBookPro16,1",macOS
LOFT-M1002,Apple Inc.,"MacBookPro16,1",macOS
LOFT-M1002,Apple Inc.,"MacBookPro16,1",macOS
LOFT-M1002,Apple Inc.,"MacBookPro16,1",macOS
LOFT-M0086,Apple Inc.,"MacBookPro15,1",macOS
LOFT-M0086,Apple Inc.,"MacBookPro15,1",macOS
LOFT-M0086,Apple Inc.,"MacBookPro15,1",macOS
LOFT-W3264,Dell Inc.,Latitude 3420,Windows
LOFT-L2415,Avell High Performance,Avell G1555 MUV / A62 MUV,Ubuntu
LOFT-W3213,Dell Inc.,Latitude 3420,Windows
LOFT-W3302,Dell Inc.,Latitude 3420,Windows
LOFT-M2562,Apple Inc.,"MacBookPro16,1",macOS
LOFT-M2562,Apple Inc.,"MacBookPro16,1",macOS
LOFT-M2562,Apple Inc.,"MacBookPro16,1",macOS
LOFT-M3672,Apple Inc.,"MacBook Pro (13-inch, M1, 2020)",macOS
LOFT-M3672,Apple Inc.,"MacBook Pro (13-inch, M1, 2020)",macOS
LOFT-W3438,Dell Inc.,Latitude 3420,Windows
LOFT-SPM-0321,Apple Inc.,"MacBookPro16,1",macOS
LOFT-SPM-0321,Apple Inc.,"MacBookPro16,1",macOS
MacBook Pro,Apple Inc.,"MacBook Pro (13-inch, M1, 2020)",macOS
MacBook Pro,Apple Inc.,"MacBook Pro (13-inch, M1, 2020)",macOS
MacBook Pro,Apple Inc.,"MacBook Pro (13-inch, M1, 2020)",macOS
LOFT-M0066,Apple Inc.,"MacBookPro15,1",macOS
LOFT-M0066,Apple Inc.,"MacBookPro15,1",macOS
LOFT-M0066,Apple Inc.,"MacBookPro15,1",macOS
LOFT-VMM-2387,innotek GmbH,"iMac11,3",macOS
LOFT-M2682,Apple Inc.,"MacBookPro16,1",macOS
LOFT-M2682,Apple Inc.,"MacBookPro16,1",macOS
LOFT-M3463,Apple Inc.,"MacBookPro16,1",macOS
LOFT-M3463,Apple Inc.,"MacBookPro16,1",macOS
LOFT-M3463,Apple Inc.,"MacBookPro16,1",macOS
LOFT-M2672,Apple Inc.,"MacBookPro16,1",macOS
LOFT-M2672,Apple Inc.,"MacBookPro16,1",macOS
LOFT-M3545,Apple Inc.,"MacBook Air (M1, 2020)",macOS
LOFT-M3545,Apple Inc.,"MacBook Air (M1, 2020)",macOS
LOFT-M3660,Apple Inc.,"MacBookPro16,1",macOS
LOFT-M3660,Apple Inc.,"MacBookPro16,1",macOS
LOFT-M3660,Apple Inc.,"MacBookPro16,1",macOS
LOFT-M2544,Apple Inc.,"MacBookPro16,1",macOS
LOFT-M2544,Apple Inc.,"MacBookPro16,1",macOS
LOFT-M2544,Apple Inc.,"MacBookPro16,1",macOS
LOFT-W3620,Dell Inc.,Latitude 3420,Windows
LOFT-M1050,Apple Inc.,"MacBookPro16,1",macOS
LOFT-M1050,Apple Inc.,"MacBookPro16,1",macOS
LOFT-M1050,Apple Inc.,"MacBookPro16,1",macOS
LOFT-W0372,Dell Inc.,Latitude 3400,Windows
LOFT-M0149,Apple Inc.,"MacBookPro15,1",macOS
LOFT-M0149,Apple Inc.,"MacBookPro15,1",macOS
LOFT-M0046,Apple Inc.,"MacBookPro15,1",macOS
LOFT-M0046,Apple Inc.,"MacBookPro15,1",macOS
LOFT-M0046,Apple Inc.,"MacBookPro15,1",macOS
LOFT-M2090,Apple Inc.,"MacBookPro16,1",macOS
LOFT-M2090,Apple Inc.,"MacBookPro16,1",macOS
LOFT-M2090,Apple Inc.,"MacBookPro16,1",macOS
LOFT-M0022,Apple Inc.,"MacBookPro15,1",macOS
LOFT-M0022,Apple Inc.,"MacBookPro15,1",macOS
LOFT-M0022,Apple Inc.,"MacBookPro15,1",macOS
LOFT-M1008,Apple Inc.,"MacBookPro16,1",macOS
LOFT-M1008,Apple Inc.,"MacBookPro16,1",macOS
LOFT-M1008,Apple Inc.,"MacBookPro16,1",macOS
LOFT-M0346,Apple Inc.,"MacBookPro16,1",macOS
LOFT-M0346,Apple Inc.,"MacBookPro16,1",macOS
LOFT-M0073,Apple Inc.,"MacBookPro15,1",macOS
LOFT-M0073,Apple Inc.,"MacBookPro15,1",macOS
LOFT-M0084,Apple Inc.,"MacBookPro15,1",macOS
LOFT-M0084,Apple Inc.,"MacBookPro15,1",macOS
LOFT-M0011,Apple Inc.,"MacBookPro15,2",macOS
LOFT-M0011,Apple Inc.,"MacBookPro15,2",macOS
LOFT-M0011,Apple Inc.,"MacBookPro15,2",macOS
LOFT-W6014,Dell Inc.,Latitude 3420,Windows
LOFT-W6040,Dell Inc.,Latitude 3420,Windows
LOFT-W2345,Dell Inc.,Latitude 3410,Windows
LOFT-M0037,Apple Inc.,"MacBookPro14,1",macOS
LOFT-M0037,Apple Inc.,"MacBookPro14,1",macOS
LOFT-M3453,Apple Inc.,"MacBookPro16,1",macOS
LOFT-M3453,Apple Inc.,"MacBookPro16,1",macOS
LOFT-W6037,Dell Inc.,Latitude 3420,Windows
LOFT-W3510,Dell Inc.,Latitude 3420,Windows
LOFT-W0785,Dell Inc.,Latitude 3400,Windows
LOFT-W2014,Dell Inc.,Latitude 3400,Windows
LOFT-W3551,Dell Inc.,Latitude 3420,Windows
LOFT-W0677,Dell Inc.,Latitude 3490,Windows
LOFT-W6111,Dell Inc.,Latitude 3420,Windows
LOFT-W3131,Dell Inc.,Latitude 3420,Windows
LOFT-M0326,Apple Inc.,"MacBookPro15,4",macOS
LOFT-M0326,Apple Inc.,"MacBookPro15,4",macOS
LOFT-M3946,Apple Inc.,"MacBook Pro (16-inch, 2021)",macOS
LOFT-M3946,Apple Inc.,"MacBook Pro (16-inch, 2021)",macOS
LOFT-W6092,Dell Inc.,Latitude 3420,Windows
LOFT-W3353,Dell Inc.,Latitude 3420,Windows
LOFT-W0373,Dell Inc.,Latitude 3400,Windows
LOFT-W6134,Dell Inc.,Latitude 3420,Windows
LOFT-M0049,Apple Inc.,"MacBookPro15,1",macOS
LOFT-M0049,Apple Inc.,"MacBookPro15,1",macOS
LOFT-M0049,Apple Inc.,"MacBookPro15,1",macOS
LOFT-M3565,Apple Inc.,"MacBookPro16,1",macOS
LOFT-M3565,Apple Inc.,"MacBookPro16,1",macOS
LOFT-M3565,Apple Inc.,"MacBookPro16,1",macOS
LOFT-SPW-3024,Dell Inc.,Latitude 3410,Windows
LOFT-M3749,Apple Inc.,"MacBook Pro (16-inch, 2021)",macOS
LOFT-M3749,Apple Inc.,"MacBook Pro (16-inch, 2021)",macOS
LOFT-M3749,Apple Inc.,"MacBook Pro (16-inch, 2021)",macOS
LOFT-SPW-3114,Dell Inc.,Latitude 3420,Windows
LOFT-M3801,Apple Inc.,"MacBook Pro (16-inch, 2021)",macOS
LOFT-M3801,Apple Inc.,"MacBook Pro (16-inch, 2021)",macOS
LOFT-M3801,Apple Inc.,"MacBook Pro (16-inch, 2021)",macOS
LOFT-M3437,Apple Inc.,"MacBookPro16,1",macOS
LOFT-M3437,Apple Inc.,"MacBookPro16,1",macOS
LOFT-M3517,Apple Inc.,"MacBookPro16,1",macOS
LOFT-M3517,Apple Inc.,"MacBookPro16,1",macOS
LOFT-W3746,Dell Inc.,Latitude 3420,Windows
LOFT-M3894,Apple Inc.,"MacBook Pro (13-inch, M1, 2020)",macOS
LOFT-M3894,Apple Inc.,"MacBook Pro (13-inch, M1, 2020)",macOS
LOFT-W3209,Dell Inc.,Latitude 3420,Windows
LOFT-W3607,Dell Inc.,Latitude 3420,Windows
LOFT-W-6301,Dell Inc.,Latitude 3420,Windows
LOFT-W0695,Dell Inc.,Latitude 3490,Windows
LOFT-W6259,Dell Inc.,Latitude 3420,Windows
CREDH-W0130,LENOVO,20RB000UBR,Windows
LOFT-W6133,Dell Inc.,Latitude 3420,Windows
LOFT-W6009,Dell Inc.,Latitude 3420,Windows
LOFT-M3103,Apple Inc.,"MacBook Pro (16-inch, 2021)",macOS
LOFT-M3103,Apple Inc.,"MacBook Pro (16-inch, 2021)",macOS
LOFT-M3554,Apple Inc.,"MacBookPro16,1",macOS
LOFT-M3554,Apple Inc.,"MacBookPro16,1",macOS
LOFT-M3554,Apple Inc.,"MacBookPro16,1",macOS
LOFT-M3578,Apple Inc.,"MacBookPro16,1",macOS
LOFT-M3578,Apple Inc.,"MacBookPro16,1",macOS
LOFT-M3578,Apple Inc.,"MacBookPro16,1",macOS
LOFT-M3488,Apple Inc.,"MacBookPro16,1",macOS
LOFT-M3488,Apple Inc.,"MacBookPro16,1",macOS
LOFT-M3488,Apple Inc.,"MacBookPro16,1",macOS
LOFT-M3562,Apple Inc.,"MacBookPro16,1",macOS
LOFT-M3562,Apple Inc.,"MacBookPro16,1",macOS
LOFT-M3562,Apple Inc.,"MacBookPro16,1",macOS
CREDH-W0299,Dell Inc.,Latitude 3400,Windows
LOFT-W6052,Dell Inc.,Latitude 3420,Windows
LOFT-M2541,Apple Inc.,"MacBookPro16,1",macOS
LOFT-M2541,Apple Inc.,"MacBookPro16,1",macOS
LOFT-M3508,Apple Inc.,"MacBookPro16,1",macOS
LOFT-M3508,Apple Inc.,"MacBookPro16,1",macOS
LOFT-M3508,Apple Inc.,"MacBookPro16,1",macOS
LOFT-W2285,Dell Inc.,Latitude 3410,Windows
LOFT-W0352,Dell Inc.,Latitude 3400,Windows
LOFT-W3578,Dell Inc.,Latitude 3420,Windows
LOFT-W3548,Dell Inc.,Latitude 3420,Windows
LOFT-W0589,Dell Inc.,Latitude 3490,Windows
LOFT-W0354,Dell Inc.,Latitude 3400,Windows
CREDH-W0396,LENOVO,20RB000UBR,Windows
LOFT-M3128,Apple Inc.,"MacBook Pro (16-inch, 2021)",macOS
LOFT-M3128,Apple Inc.,"MacBook Pro (16-inch, 2021)",macOS
LOFT-M3128,Apple Inc.,"MacBook Pro (16-inch, 2021)",macOS
LOFT-M3129,Apple Inc.,"MacBook Pro (16-inch, 2021)",macOS
LOFT-M3129,Apple Inc.,"MacBook Pro (16-inch, 2021)",macOS
LOFT-M3129,Apple Inc.,"MacBook Pro (16-inch, 2021)",macOS
LOFT-W6546,Dell Inc.,Latitude 3420,Windows
LOFT-M3706,Apple Inc.,"MacBook Pro (13-inch, M1, 2020)",macOS
LOFT-M3706,Apple Inc.,"MacBook Pro (13-inch, M1, 2020)",macOS
LOFT-M3706,Apple Inc.,"MacBook Pro (13-inch, M1, 2020)",macOS
LOFT-W3830,Avell High Performance,A70 MOB,Windows
LOFT-W3417,Dell Inc.,Latitude 3420,Windows
LOFT-M0013,Apple Inc.,"MacBookPro15,2",macOS
LOFT-M0013,Apple Inc.,"MacBookPro15,2",macOS
LOFT-M0338,Apple Inc.,"MacBookPro16,1",macOS
LOFT-M0338,Apple Inc.,"MacBookPro16,1",macOS
LOFT-M0338,Apple Inc.,"MacBookPro16,1",macOS
LOFT-W3290,Dell Inc.,Latitude 3420,Windows
LOFT-W6236,Dell Inc.,Latitude 3420,Windows
LOFT-W3431,Dell Inc.,Latitude 3420,Windows
LOFT-W0450,Dell Inc.,Latitude 3490,Windows
LOFT-W3611,Dell Inc.,Latitude 3420,Windows
LOFT-W3407,Dell Inc.,Latitude 3420,Windows
LOFT-W2266,Dell Inc.,Latitude 3410,Windows
LOFT-M3199,Apple Inc.,"MacBook Pro (16-inch, 2021)",macOS
LOFT-M3199,Apple Inc.,"MacBook Pro (16-inch, 2021)",macOS
LOFT-W0776,Dell Inc.,Latitude 3400,Windows
LOFT-W0459,Dell Inc.,Latitude 3490,Windows
LOFTZOOM-W0123-RIODEJANEIRO-4,Dell Inc.,Vostro 5471,Windows
LOFT-M3410,Apple Inc.,"MacBookPro16,1",macOS
LOFT-M3410,Apple Inc.,"MacBookPro16,1",macOS
LOFT-M3410,Apple Inc.,"MacBookPro16,1",macOS
LOFT-M3761,Apple Inc.,"MacBookPro16,1",macOS
LOFT-M3761,Apple Inc.,"MacBookPro16,1",macOS
LOFT-M3761,Apple Inc.,"MacBookPro16,1",macOS
LOFT-M3682,Apple Inc.,"MacBook Pro (16-inch, 2021)",macOS
LOFT-M3682,Apple Inc.,"MacBook Pro (16-inch, 2021)",macOS
LOFT-M3682,Apple Inc.,"MacBook Pro (16-inch, 2021)",macOS
LOFT-M2511,Apple Inc.,"MacBookPro16,1",macOS
LOFT-M2511,Apple Inc.,"MacBookPro16,1",macOS
LOFT-W2479,Dell Inc.,Latitude 3410,Windows
LOFT-W3600,Dell Inc.,Latitude 3420,Windows
LOFT-W3205,Dell Inc.,Latitude 3420,Windows
LOFT-W3594,Dell Inc.,Latitude 3420,Windows
LOFT-M3559,Apple Inc.,"MacBookPro16,1",macOS
LOFT-M3559,Apple Inc.,"MacBookPro16,1",macOS
LOFT-W6095,Dell Inc.,Latitude 3420,Windows
LOFT-W0813,Avell High Performance,Avell G1555 MUV / A62 MUV,Windows
LOFT-W3143,Dell Inc.,Latitude 3420,Windows
LOFT-W2296,Dell Inc.,Latitude 3410,Windows
LOFT-W6054,Dell Inc.,Latitude 3420,Windows
LOFT-M3525,Apple Inc.,"MacBookPro16,1",macOS
LOFT-M3525,Apple Inc.,"MacBookPro16,1",macOS
LOFT-M3525,Apple Inc.,"MacBookPro16,1",macOS
LOFT-W2278,Dell Inc.,Latitude 3410,Windows
LOFT-W3386,Dell Inc.,Latitude 3420,Windows
LOFT-W3174,Dell Inc.,Latitude 3420,Windows
LOFT-W3341,Dell Inc.,Latitude 3420,Windows
LOFT-W6036,Dell Inc.,Latitude 3420,Windows
LOFT-W3531,Dell Inc.,Latitude 3420,Windows
LOFT-W3352,Dell Inc.,Latitude 3420,Windows
LOFT-W3182,Dell Inc.,Latitude 3420,Windows
LOFT-W0777,Dell Inc.,Latitude 3400,Windows
LOFT-W3660,Dell Inc.,Latitude 3420,Windows
LOFT-W3308,Dell Inc.,Latitude 3420,Windows
LOFT-W3050,Dell Inc.,Latitude 3420,Windows
LOFT-SPW-3371,Dell Inc.,Latitude 3420,Windows
LOFT-W3344,Dell Inc.,Latitude 3420,Windows
LOFT-W3378,Dell Inc.,Latitude 3420,Windows
LOFT-W3404,Dell Inc.,Latitude 3420,Windows
LOFT-W3539,Dell Inc.,Latitude 3420,Windows
LOFT-SPW-0474,Dell Inc.,Vostro 5471,Windows
LOFT-W3638,Dell Inc.,Latitude 3420,Windows
LOFT-W6332,Dell Inc.,Latitude 3420,Windows
LOFT-W3555,Dell Inc.,Latitude 3420,Windows
LOFT-W3370,Dell Inc.,Latitude 3420,Windows
LOFT-W3140,Dell Inc.,Latitude 3420,Windows
LOFT-W2693,Dell Inc.,Latitude 3410,Windows
LOFT-W0683,Dell Inc.,Latitude 3490,Windows
LOFT-SPW-3416,Dell Inc.,Latitude 3420,Windows
LOFT-W3006,Dell Inc.,Latitude 3410,Windows
CREDH-W3190,Dell Inc.,Latitude 3420,Windows
CREDH-W3171,Dell Inc.,Latitude 3420,Windows
LOFT-W3474,Dell Inc.,Latitude 3420,Windows
CP-W3459,Dell Inc.,Latitude 3420,Windows
CP-W3294,Dell Inc.,Latitude 3420,Windows
CP-W2268,Dell Inc.,Latitude 3410,Windows
CP-W3026,Dell Inc.,Latitude 3410,Windows
LOFT-M3512,Apple Inc.,"MacBook Pro (13-inch, M1, 2020)",macOS
LOFT-M3512,Apple Inc.,"MacBook Pro (13-inch, M1, 2020)",macOS
LOFT-M3512,Apple Inc.,"MacBook Pro (13-inch, M1, 2020)",macOS
LOFT-M3778,Apple Inc.,"MacBookPro16,1",macOS
LOFT-M3778,Apple Inc.,"MacBookPro16,1",macOS
LOFT-M3457,Apple Inc.,"MacBookPro16,1",macOS
LOFT-M3457,Apple Inc.,"MacBookPro16,1",macOS
LOFT-M3457,Apple Inc.,"MacBookPro16,1",macOS
CREDH-W3032,Dell Inc.,Latitude 3410,Windows
CP-JVL-W2057,Acer,Aspire A515-54,Windows
CPJVL2129,Dell Inc.,Inspiron 15 5510,Windows
CP-JVL-W0183,Acer,Nitro AN515-54,Windows
CP-CWB-W004,Dell Inc.,Inspiron 15 5510,Windows
CP-JVL-W0868,Acer,Aspire A515-54,Windows
CP-JVL-W0863,LENOVO,82CG,Windows
CP-JVL-W2024,LENOVO,82CG,Windows
CP-JVL-W2069,Acer,Aspire A515-54,Windows
CP-JVL-W0847,LENOVO,82HB,Windows
CP-CWB-W1286,Acer,Aspire A515-54,Windows
CP-JVL-W0178,Dell Inc.,Inspiron 3583,Windows
CP-CWB-W0891,Acer,Aspire A515-54,Windows
CP-CWB-W1088,Acer,Aspire A515-54,Windows
CP-JVL-W0893,Acer,Aspire A515-54,Windows
LOFT-M3150,Apple Inc.,"MacBook Pro (16-inch, 2021)",macOS
LOFT-M3150,Apple Inc.,"MacBook Pro (16-inch, 2021)",macOS
LOFT-M3150,Apple Inc.,"MacBook Pro (16-inch, 2021)",macOS
CP-CWB-W1084,Acer,Aspire A515-54,Windows
LOFT-M3133,Apple Inc.,"MacBook Pro (16-inch, 2021)",macOS
LOFT-M3133,Apple Inc.,"MacBook Pro (16-inch, 2021)",macOS
LOFT-M3133,Apple Inc.,"MacBook Pro (16-inch, 2021)",macOS
LOFT-M3113,Apple Inc.,"MacBook Pro (16-inch, 2021)",macOS
LOFT-M3113,Apple Inc.,"MacBook Pro (16-inch, 2021)",macOS
LOFT-M3113,Apple Inc.,"MacBook Pro (16-inch, 2021)",macOS
CP-JVL-W2026,LENOVO,82CG,Windows
LOFT-M3134,Apple Inc.,"MacBook Pro (16-inch, 2021)",macOS
LOFT-M3134,Apple Inc.,"MacBook Pro (16-inch, 2021)",macOS
LOFT-M3134,Apple Inc.,"MacBook Pro (16-inch, 2021)",macOS
CP-JVL-W0056,Acer,Aspire A515-51G,Windows
CP-JVL-W0020,LENOVO,81FE,Windows
CP-W3175,Dell Inc.,Latitude 3420,Windows
CP-W2133,Dell Inc.,Latitude 3410,Windows
CP-W3021,Dell Inc.,Latitude 3410,Windows
CP-W3033,Dell Inc.,Latitude 3410,Windows
CP-CWB-W1118,Acer,Aspire A515-54,Windows
CP-W3010,Dell Inc.,Latitude 3410,Windows
CREDH-W3162,Dell Inc.,Latitude 3420,Windows
CP-CWB-W1310,Acer,Aspire A515-54,Windows
CP-CWB-W0900,"SAMSUNG ELECTRONICS CO., LTD.",550XDA,Windows
CP-CWB-W1314,Acer,Aspire A515-54,Windows
CP-CWB-W1318,Acer,Aspire A515-54,Windows
CP-CWB-W1300,Acer,Aspire A515-54,Windows
CP-CWB-W1320,Acer,Aspire A515-54,Windows
CP-CWB-W1312,Acer,Aspire A515-54,Windows
CP-CWB-W1322,Acer,Aspire A515-54,Windows
CP-CWB-W1332,Acer,Aspire A515-54,Windows
CP-CWB-W1332,Acer,Aspire A515-54,Windows
CP-CWB-W1334,Acer,Aspire A515-54,Windows
CP-CWB-W1336,Acer,Aspire A515-54,Windows
CP-CWB-W1316,Acer,Aspire A515-54,Windows
CP-CWB-W1328,Acer,Aspire A515-54,Windows
CP-CWB-W1338,Acer,Aspire A515-54,Windows
CP-CWB-W1340,Acer,Aspire A515-54,Windows
CP-CWB-W1342,Acer,Aspire A515-54,Windows
CP-CWB-W1348,Acer,Aspire A515-54,Windows
CP-JVL-W0823,Dell Inc.,Inspiron 3583,Windows
CP-CWB-W2119,Acer,Aspire A515-54,Windows
cp-jvl-l2059,Dell Inc.,Inspiron 15 5510,Ubuntu
CP-CWB-W2016,Acer, ,Windows
CP-JVL-W2125,Dell Inc.,Inspiron 3501,Windows
LOFT-W2486,Dell Inc.,Latitude 3410,Windows
LOFT-W3133,Dell Inc.,Latitude 3420,Windows
LOFT-W3470,Dell Inc.,Latitude 3420,Windows
CP-CWB-W1066,Acer,Aspire A515-54,Windows
CP-CWB-W1270,Acer,Aspire A515-54,Windows
CP-CWB-W1308,Acer,Aspire A515-54,Windows
CP-CWB-W1158,Acer,Aspire A515-54,Windows
CP-CWB-W1106,Acer,Aspire A515-54,Windows
CP-CWB-W1104,Acer,Aspire A515-54,Windows
CP-CWB-W1014,Acer,Aspire A515-54,Windows
CP-CWB-W1304,Acer,Aspire A515-54,Windows
CP-CWB-W1016,Acer,Aspire A515-54,Windows
CP-CWB-W1290,Acer,Aspire A515-54,Windows
CP-JVL-W2046,Acer,Aspire A515-54,Windows
CP-CWB-W0940,Acer,Aspire A515-54,Windows
CP-JVL-W0876,Acer,Aspire A515-54,Windows
CP-CWB-W1068,Acer,Aspire A515-54,Windows
CP-CWB-W0960,Acer,Aspire A515-54,Windows
CP-CWB-W0958,Acer,Aspire A515-54,Windows
CP-CWB-W0658,Acer,Aspire A315-56,Windows
CP-JVL-W1292,Acer,Aspire A515-54,Windows
LOFT-M2476,Apple Inc.,"MacBookPro16,1",macOS
LOFT-M2476,Apple Inc.,"MacBookPro16,1",macOS
LOFT-M2476,Apple Inc.,"MacBookPro16,1",macOS
CP-CWB-W1266,Acer,Aspire A515-54,Windows
CP-JVL-W1278,Acer,Aspire A515-54,Windows
CP-CWB-W1272,Acer,Aspire A515-54,Windows
CP-CWB-W1264,Acer,Aspire A515-54,Windows
CP-CWB-W1172,Acer,Aspire A515-54,Windows
LOFT-W3664,Dell Inc.,Latitude 3420,Windows
LOFT-W6333,Dell Inc.,Latitude 3420,Windows
LOFT-W3744,Dell Inc.,Latitude 3420,Windows
CP-CWB-W1258,Acer,Aspire A515-54,Windows
CP-CWB-W1256,Acer,Aspire A515-54,Windows
CP-CWB-W0208,LENOVO,81S9,Windows
CP-CWB-W1224,Acer,Aspire A515-54,Windows
LOFT-W0979,Dell Inc.,Latitude 3400,Windows
CP-CWB-W1220,Acer,Aspire A515-54,Windows
LOFT-W2267,Dell Inc.,Latitude 3410,Windows
CP-CWB-W1112,Acer,Aspire A515-54,Windows
CP-CWB-W1034,Dell Inc.,Inspiron 5301,Windows
CP-CWB-W0630,Acer,Aspire A315-56,Windows
LOFT-W3500,Dell Inc.,Latitude 3420,Windows
CPCWB1252,Acer,Aspire A515-54,Windows
CPCWB1242,Acer,Aspire A515-54,Windows
CPCWB1276,Acer,Aspire A515-54,Windows
CP-CWB-W0656,Acer,Aspire A315-56,Windows
CP-CWB-W0254,LENOVO,81FE,Windows
CPCWB1296,Acer,Aspire A515-54,Windows
CP-CWB-W1262,Acer,Aspire A515-54,Windows
CP-CWB-W1108,Acer,Aspire A515-54,Windows
CP-CWB-W1210,Acer,Aspire A515-54,Windows
CP-CWB-W1048,Acer,Aspire A515-54,Windows
CP-CWB-W1086,Acer,Aspire A515-54,Windows
CP-CWB-W1062,Acer,Aspire A515-54,Windows
CP-CWB-W1062,Acer,Aspire A515-54,Windows
CP-CWB-W1058,Acer,Aspire A515-54,Windows
CP-CWB-W1080,Acer,Aspire A515-54,Windows
CP-CWB-W1072,Acer,Aspire A515-54,Windows
LOFT-W6228,Dell Inc.,Latitude 3420,Windows
LOFT-M3553,Apple Inc.,"MacBookPro16,1",macOS
LOFT-M3553,Apple Inc.,"MacBookPro16,1",macOS
LOFT-M3553,Apple Inc.,"MacBookPro16,1",macOS
LOFT-M3513,Apple Inc.,"MacBook Pro (13-inch, M1, 2020)",macOS
LOFT-M3513,Apple Inc.,"MacBook Pro (13-inch, M1, 2020)",macOS
LOFT-M3513,Apple Inc.,"MacBook Pro (13-inch, M1, 2020)",macOS
CP-CWB-W1268,Acer,Aspire A515-54,Windows
LOFT-W0473,Dell Inc.,Latitude 3490,Windows
LOFT-W6048,Dell Inc.,Latitude 3420,Windows
LOFT-W2165,Dell Inc.,Latitude 3410,Windows
CP-CWB-W1284,Acer,Aspire A515-54,Windows
LOFT-W3192,Dell Inc.,Latitude 3420,Windows
CP-CWB-W1074,Acer,Aspire A515-54,Windows
LOFT-W3000,Dell Inc.,Latitude 3410,Windows
CP-CWB-W1042,Acer,Aspire A515-54,Windows
CP-CWB-W1036,Acer,Aspire A515-54,Windows
CP-CWB-W1038,Acer,Aspire A515-54,Windows
LOFT-W2346,Dell Inc.,Latitude 3410,Windows
CP-CWB-W1028,Acer,Aspire A515-54,Windows
CP-CWB-W1026,Acer,Aspire A515-54,Windows
LOFT-M2438,Apple Inc.,"MacBookPro16,1",macOS
LOFT-M2438,Apple Inc.,"MacBookPro16,1",macOS
CP-CWB-W1246,Dell Inc.,Inspiron 15 5510,Windows
LOFT-W0185,Dell Inc.,Latitude 3490,Windows
CP-CWB-W0601,Acer,Aspire A315-56,Windows
CP-CWB-W0898,Acer,Aspire A515-54,Windows
CP-CWB-W1164,Acer,Aspire A515-54,Windows
CP-CWB-W1146,Acer,Aspire A515-54,Windows
CP-CWB-W1146,Acer,Aspire A515-54,Windows
CP-CWB-W0990,Acer,Aspire A515-54,Windows
CP-CWB-W1020,Acer,Aspire A515-54,Windows
CP-CWB-W0980,Acer,Aspire A515-54,Windows
CP-CWB-W0978,Acer,Aspire A515-54,Windows
CP-CWB-W0972,Acer,Aspire A515-54,Windows
CP-CWB-W0952,Acer,Aspire A515-54,Windows
CP-CWB-W0950,Acer,Aspire A515-54,Windows
CP-CWB-W0942,Acer,Aspire A515-54,Windows
CP-CWB-W0982,Acer,Aspire A515-54,Windows
CP-CWB-W0984,Acer,Aspire A515-54,Windows
LOFT-M3750,Apple Inc.,"MacBook Pro (13-inch, M1, 2020)",macOS
LOFT-M3750,Apple Inc.,"MacBook Pro (13-inch, M1, 2020)",macOS
LOFT-W0756,Dell Inc.,Latitude 3400,Windows
CP-CWB-W0936,Acer,Aspire A515-54,Windows
LOFT-W0629,Dell Inc.,Latitude 3490,Windows
LOFT-M3782,Apple Inc.,"MacBook Pro (16-inch, 2021)",macOS
LOFT-M3782,Apple Inc.,"MacBook Pro (16-inch, 2021)",macOS
LOFT-W6065,Dell Inc.,Latitude 3420,Windows
CP-CWB-W1170,Acer,Aspire A515-54,Windows
CP-CWB-W0968,Acer,Aspire A515-54,Windows
CP-W2130,Dell Inc.,Latitude 3410,Windows
CP-CWB-W1196,Acer,Aspire A515-54,Windows
CP-W2237,Dell Inc.,Latitude 3410,Windows
CP-CWB-W2480,Dell Inc.,Latitude 3410,Windows
CP-W3507,Dell Inc.,Latitude 3420,Windows
CP-W3151,Dell Inc.,Latitude 3420,Windows
CP-W3288,Dell Inc.,Latitude 3420,Windows
CP-W3649,Dell Inc.,Latitude 3410,Windows
CP-W3165,Dell Inc.,Latitude 3420,Windows
CP-W3275,Dell Inc.,Latitude 3420,Windows
CP-CWB-W1114,Acer,Aspire A515-54,Windows
CP-CWB-W1192,Acer,Aspire A515-54,Windows
CP-CWB-W1188,Acer,Aspire A515-54,Windows
CP-CWB-W1178,Acer,Aspire A515-54,Windows
CP-CWB-W1154,Acer,Aspire A515-54,Windows
CP-W2138,Dell Inc.,Latitude 3410,Windows
CP-CWB-W1200,Acer,Aspire A515-54,Windows
CP-CWB-W1090,Acer,Aspire A515-54,Windows
CP-CWB-W1094,Acer,Aspire A515-54,Windows
CP-CWB-W1024,Acer,Aspire A515-54,Windows
CP-CWB-W0938,Acer,Aspire A515-54,Windows
CP-CWB-W1282,Acer,Aspire A515-54,Windows
CP-CWB-W0878,Acer,Aspire A515-54,Windows
CP-CWB-W0998,Acer,Aspire A515-54,Windows
CP-CWB-W1180,Acer,Aspire A515-54,Windows
CP-CWB-W1160,Acer,Aspire A515-54,Windows
LOFT-W6021,Dell Inc.,Latitude 3420,Windows
CP-CWB-W1122,Acer,Aspire A515-54,Windows
CP-CWB-W0994,Acer,Aspire A515-54,Windows
LOFT-W3747,Dell Inc.,Latitude 3420,Windows
CP-CWB-W1280,Acer,Aspire A515-54,Windows
CP-CWB-W1274,Acer,Aspire A515-54,Windows
CP-CWB-W,Dell Inc.,Latitude 3410,Windows
CPCWB1298,Acer,Aspire A515-54,Windows
LOFT-W2218,Dell Inc.,Latitude 3410,Windows
LOFT-W3001,Dell Inc.,Latitude 3410,Windows
LOFT-W2137,Dell Inc.,Latitude 3410,Windows
CP-W3569,Dell Inc.,Latitude 3420,Windows
CP-W3593,Dell Inc.,Latitude 3420,Windows
CP-W3198,Dell Inc.,Latitude 3420,Windows
CP-W3480,Dell Inc.,Latitude 3420,Windows
CP-W2119,Dell Inc.,Latitude 3410,Windows
LOFT-W2142,Dell Inc.,Latitude 3410,Windows
CP-W3616,Dell Inc.,Latitude 3410,Windows
LOFT-W2252,Dell Inc.,Latitude 3410,Windows
CP-W2246,Dell Inc.,Latitude 3410,Windows
CP-W3187,Dell Inc.,Latitude 3420,Windows
CP-W3110,Dell Inc.,Latitude 3420,Windows
LOFT-W2658,Dell Inc.,Latitude 3410,Windows
CP-W6025,Dell Inc.,Latitude 3420,Windows
CP-W6025,Dell Inc.,Latitude 3420,Windows
CP-W6025,Dell Inc.,Latitude 3420,Windows
CP-W3475,Dell Inc.,Latitude 3420,Windows
CP-W2329,Dell Inc.,Latitude 3410,Windows
CP-W3477,Dell Inc.,Latitude 3420,Windows
CP-W3616,Dell Inc.,Latitude 3420,Windows
CP-W3690,Dell Inc.,Latitude 3420,Windows
LOFT-W3327,Dell Inc.,Latitude 3420,Windows
LOFT-W3446,Dell Inc.,Latitude 3420,Windows
CP-W3038,Dell Inc.,Latitude 3410,Windows
LOFT-W3374,Dell Inc.,Latitude 3420,Windows
LOFT-W3072,Dell Inc.,Latitude 3420,Windows
LOFT-W3312,Dell Inc.,Latitude 3420,Windows
LOFT-W3702,Dell Inc.,Latitude 3420,Windows
CP-CWB-W1294,Acer,Aspire A515-54,Windows
CP-W3093,Dell Inc.,Latitude 3420,Windows
CP-W3559,Dell Inc.,Latitude 3420,Windows
CP-CWB-W1204,Acer,Aspire A515-54,Windows
CP-CWB-W1350,Acer,Aspire A515-54,Windows
CP-CWB-W1352,Acer,Aspire A515-54,Windows
CP-JVL-W2005,Acer,Aspire A515-54,Windows
CP-CWB-W1354,Acer,Aspire A515-54,Windows
CREDPJOINTI0866,LENOVO,82HB,Windows
CP-W3248,Dell Inc.,Latitude 3420,Windows
CP-W3387,Dell Inc.,Latitude 3420,Windows
CP-CWB-W1022,Acer,Aspire A515-54,Windows
CP-W3227,Dell Inc.,Latitude 3420,Windows
CP-W3194,Dell Inc.,Latitude 3420,Windows
CP-W3194,Dell Inc.,Latitude 3420,Windows
CP-W2333,Dell Inc.,Latitude 3410,Windows
CP-W3300,Dell Inc.,Latitude 3420,Windows
LOFT-W3054,Dell Inc.,Latitude 3420,Windows
LOFT-W3082,Dell Inc.,Latitude 3420,Windows
LOFT-W3191,Dell Inc.,Latitude 3420,Windows
LOFT-W3089,Dell Inc.,Latitude 3420,Windows
LOFT-W3051,Dell Inc.,Latitude 3420,Windows
LOFT-W3101,Dell Inc.,Latitude 3420,Windows
LOFT-W6132,Dell Inc.,Latitude 3420,Windows
LOFT-W3464,Dell Inc.,Latitude 3420,Windows
LOFT-W2677,Dell Inc.,Latitude 3410,Windows
LOFT-W3695,Dell Inc.,Latitude 3420,Windows
LOFT-W3533,Dell Inc.,Latitude 3420,Windows
LOFT-W3476,Dell Inc.,Latitude 3420,Windows
LOFT-W3525,Dell Inc.,Latitude 3420,Windows
LOFT-W3642,Dell Inc.,Latitude 3420,Windows
LOFT-W3127,Dell Inc.,Latitude 3420,Windows
LOFT-W3219,Dell Inc.,Latitude 3420,Windows
LOFT-W3016,Dell Inc.,Latitude 3410,Windows
LOFT-W3497,Dell Inc.,Latitude 3420,Windows
LOFT-W3028,Dell Inc.,Latitude 3410,Windows
LOFT-W3279,Dell Inc.,Latitude 3420,Windows
CP-CWB-1356,Acer,Aspire A515-54,Windows
CP-CWB-W1120,Acer,Aspire A515-54,Windows
CP-W2068,Dell Inc.,Latitude 3400,Windows
CP-W0240,Dell Inc.,Latitude 3490,Windows
CP-W0275,Dell Inc.,Latitude 3490,Windows
CP-W0307,Dell Inc.,Latitude 3400,Windows
CP-W0362,Dell Inc.,Latitude 3400,Windows
CP-W2104,Dell Inc.,Latitude 3410,Windows
CP-W0268,Dell Inc.,Latitude 3490,Windows
LOFT-W3390,Dell Inc.,Latitude 3420,Windows
LOFT-W2187,Dell Inc.,Latitude 3410,Windows
CP-W0170,Dell Inc.,Latitude 3490,Windows
CP-W0264,Dell Inc.,Latitude 3490,Windows
CP-W0191,Dell Inc.,Latitude 3490,Windows
LOFT-W2189,Dell Inc.,Latitude 3410,Windows
CP-CWB-W0932,Acer,Aspire A515-54,Windows
LOFT-M3459,Apple Inc.,"MacBookPro16,1",macOS
CP-CWB-W0962,Acer,Aspire A515-54,Windows
LOFT-M3408,Apple Inc.,"MacBookPro16,1",macOS
LOFT-M3408,Apple Inc.,"MacBookPro16,1",macOS
CP-CWB-W1156,Acer,Aspire A515-54,Windows
CP-CWB-W1346,Acer,Aspire A515-54,Windows
CP-CWB-W1358,Dell Inc.,Inspiron 13 5320,Windows
VISTA-L0056,Acer,Aspire A315-54,Ubuntu
CP-CWB-W0675,Acer,Aspire A315-56,Windows
CP-CWB-W0948,Acer,Aspire A515-54,Windows
CP-CWB-W1194,Acer,Aspire A515-54,Windows
CP-CWB-W1236,Acer,Aspire A515-54,Windows
CP-CWB-W1168,Acer,Aspire A515-54,Windows
CP-CWB-W1190,Acer,Aspire A515-54,Windows
CP-CWB-W1184,Acer,Aspire A515-54,Windows
LOFT-W2500,Dell Inc.,Latitude 3410,Windows
LOFT-W3590,Dell Inc.,Latitude 3420,Windows
CP-CWB-W2055,Acer,Aspire A515-54,Windows
CPCWB1060,Acer,Aspire A515-54,Windows
CP-CWB-W0667,Dell Inc.,OptiPlex 3070,Windows
LOFT-W3737,Dell Inc.,Latitude 3420,Windows
LOFT-W2239,Dell Inc.,Latitude 3410,Windows
CPCWB1254,Acer,Aspire A515-54,Windows
CP-CWB-W1116,Acer,Aspire A515-54,Windows
VISTA-W0083,LENOVO,81M1,Windows
CP-CWB-W1098,Acer,Aspire A515-54,Windows
CP-CWB-W1260,Dell Inc.,Inspiron 15 5510,Windows
CP-CWB-W1248,Dell Inc.,Inspiron 15 5510,Windows
CP-CWB-W1288,Acer,Aspire A515-54,Windows
CP-CWB-W2164,Acer,Aspire A515-54,Windows
CP-CWB-W0616,Dell Inc.,XPS 13 9300,Windows
CP-W3180,Dell Inc.,Latitude 3420,Windows
CP-CWB-W1050,Acer,Aspire A515-54,Windows
CP-JVL-W2162,Dell Inc.,Inspiron 15 5510,Windows
LOFT-W3005,Dell Inc.,Latitude 3410,Windows
LOFT-W2334,Dell Inc.,Latitude 3410,Windows
CP-CWB-W1330,Acer,Aspire A515-54,Windows
CP-CWB-W1228,Acer,Aspire A515-54,Windows
CP-CWB-W1206,Acer,Aspire A515-54,Windows
LOFT-W2213,Dell Inc.,Latitude 3410,Windows
ip-10-0-11-114.ec2.internal,Xen,HVM domU,Amazon
LOFT-W6237,Dell Inc.,Latitude 3420,Windows
CP-W3460,Dell Inc.,Latitude 3420,Windows
CP-CWB-W1202,Acer,Aspire A515-54,Windows
LOFT-W6032,Dell Inc.,Latitude 3420,Windows
CP-CWB-W1234,Acer,Aspire A515-54,Windows
LOFT-M3072,Apple Inc.,"MacBook Pro (16-inch, 2021)",macOS
LOFT-M3057,Apple Inc.,"MacBook Pro (16-inch, 2021)",macOS
LOFT-M3057,Apple Inc.,"MacBook Pro (16-inch, 2021)",macOS
LOFT-W6585,Dell Inc.,Latitude 3420,Windows
LOFT-W6272,Dell Inc.,Latitude 3420,Windows
LOFT-W6347,Dell Inc.,Latitude 3420,Windows
LOFT-W6062,Dell Inc.,Latitude 3420,Windows
CP-CWB-W1306,Acer,Aspire A515-54,Windows
CP-CWB-W1232,Acer,Aspire A515-54,Windows
CP-L3641,Dell Inc.,Latitude 3420,Ubuntu
CP-CWB-W2018,Acer,Aspire A515-54,Windows
CP-CWB-W1124,Acer,Aspire A515-54,Windows
CP-CWB-W1096,Acer,Aspire A515-54,Windows
LOFT-W6367,Dell Inc.,Latitude 3420,Windows
LOFT-W6361,Dell Inc.,Latitude 3420,Windows
LOFT-W6051,Dell Inc.,Latitude 3420,Windows
CP-CWB-W1152,Acer,Aspire A515-54,Windows
CP-CWB-W1128,Acer,Aspire A515-54,Windows
LOFT-M3684,Apple Inc.,"MacBook Pro (16-inch, 2021)",macOS
LOFT-M3684,Apple Inc.,"MacBook Pro (16-inch, 2021)",macOS
CP-CWB-W1222,Acer,Aspire A515-54,Windows
LOFT-W6008,Dell Inc.,Latitude 3420,Windows
LOFT-W6027,Dell Inc.,Latitude 3420,Windows
LOFT-W6306,Dell Inc.,Latitude 3420,Windows
LOFT-W6304,Dell Inc.,Latitude 3420,Windows
LOFT-M3505,Apple Inc.,"MacBookPro16,1",macOS
LOFT-M3667,Apple Inc.,"MacBookPro16,1",macOS
LOFT-M3667,Apple Inc.,"MacBookPro16,1",macOS
CP-CWB-W1052,Acer,Aspire A515-54G,Windows
CP-CWB-W1344,Acer,Aspire A515-54,Windows
CP-CWB-M2012,Apple Inc.,"MacBookPro14,1",macOS
LOFT-M3085,Apple Inc.,"MacBook Pro (16-inch, 2021)",macOS
LOFT-M3085,Apple Inc.,"MacBook Pro (16-inch, 2021)",macOS
CP-CWB-W1140,Acer,Aspire A515-54,Windows
CP-CWB-W1326,Acer,Aspire A515-54,Windows
LOFT-M3428,Apple Inc.,"MacBookPro16,1",macOS
LOFT-M3428,Apple Inc.,"MacBookPro16,1",macOS
CP-CWB-W1136,Acer,Aspire A515-54,Windows
CP-CWB-W0928,Acer,Aspire A515-54,Windows
LOFT-W6143,Dell Inc.,Latitude 3420,Windows
LOFT-W6575,Dell Inc.,Latitude 3420,Windows
LOFT-M3088,Apple Inc.,"MacBook Pro (16-inch, 2021)",macOS
LOFT-M3088,Apple Inc.,"MacBook Pro (16-inch, 2021)",macOS
LOFT-W6552,Dell Inc.,Latitude 3420,Windows
LOFT-M3420,Apple Inc.,"MacBookPro16,1",macOS
LOFT-L3944,Avell High Performance,A70 MOB,Ubuntu
LOFT-M3068,Apple Inc.,"MacBook Pro (16-inch, 2021)",macOS
LOFT-M3068,Apple Inc.,"MacBook Pro (16-inch, 2021)",macOS
LOFT-M3054,Apple Inc.,"MacBook Pro (16-inch, 2021)",macOS
LOFT-M3054,Apple Inc.,"MacBook Pro (16-inch, 2021)",macOS
LOFT-M3190,Apple Inc.,"MacBook Pro (16-inch, 2021)",macOS
LOFT-M3190,Apple Inc.,"MacBook Pro (16-inch, 2021)",macOS
LOFT-M3169,Apple Inc.,"MacBook Pro (16-inch, 2021)",macOS
LOFT-M3169,Apple Inc.,"MacBook Pro (16-inch, 2021)",macOS
LOFT-M3176,Apple Inc.,"MacBook Pro (16-inch, 2021)",macOS
LOFT-W6551,Dell Inc.,Latitude 3420,Windows
LOFT-M3720,Apple Inc.,"MacBook Pro (13-inch, M1, 2020)",macOS
LOFT-M3720,Apple Inc.,"MacBook Pro (13-inch, M1, 2020)",macOS
CP-CWB-W1216,Acer,Aspire A515-54,Windows
CP-W3465,Dell Inc.,Latitude 3420,Windows
LOFT-W6558,Dell Inc.,Latitude 3420,Windows
LOFT-M3573,Apple Inc.,"MacBookPro16,1",macOS
LOFT-M3573,Apple Inc.,"MacBookPro16,1",macOS
LOFT-M3662,Apple Inc.,"MacBookPro16,1",macOS
LOFT-M3570,Apple Inc.,"MacBookPro16,1",macOS
LOFT-M3570,Apple Inc.,"MacBookPro16,1",macOS
LOFT-M3859,Apple Inc.,"MacBook Pro (13-inch, M1, 2020)",macOS
LOFT-M3859,Apple Inc.,"MacBook Pro (13-inch, M1, 2020)",macOS
LOFT-M3708,Apple Inc.,"MacBook Pro (13-inch, M1, 2020)",macOS
CP-CWB-W1110,Acer,Aspire A515-54,Windows
LOFT-M3683,Apple Inc.,"MacBook Pro (13-inch, M1, 2020)",macOS
LOFT-M3683,Apple Inc.,"MacBook Pro (13-inch, M1, 2020)",macOS
LOFT-W6185,Dell Inc.,Latitude 3420,Windows
LOFT-W6076,Dell Inc.,Latitude 3420,Windows
LOFT-SPW-3309,Dell Inc.,Latitude 3420,Windows
LOFT-M3472,Apple Inc.,"MacBookPro16,1",macOS
LOFT-M3852,Apple Inc.,"MacBookPro16,1",macOS
LOFT-W6324,Dell Inc.,Latitude 3420,Windows
LOFT-M3124,Apple Inc.,"MacBook Pro (16-inch, 2021)",macOS
LOFT-M3124,Apple Inc.,"MacBook Pro (16-inch, 2021)",macOS
CP-CWB-W0954,Acer,Aspire A515-54,Windows
LOFT-W6219,Dell Inc.,Latitude 3420,Windows
LOFT-M3419,Apple Inc.,"MacBook Pro (13-inch, M1, 2020)",macOS
LOFT-M3419,Apple Inc.,"MacBook Pro (13-inch, M1, 2020)",macOS
LOFT-M3419,Apple Inc.,"MacBook Pro (13-inch, M1, 2020)",macOS
LOFT-M3131,Apple Inc.,"MacBook Pro (16-inch, 2021)",macOS
LOFT-M3131,Apple Inc.,"MacBook Pro (16-inch, 2021)",macOS
LOFT-W6107,Dell Inc.,Latitude 3420,Windows
CP-CWB-W1186,Acer,Aspire A515-54,Windows
CP-CWB-W1218,Acer,Aspire A515-54,Windows
CP-CWB-W1044,Acer,Aspire A515-54,Windows
CP-CWB-W0946,Acer,Aspire A515-54,Windows
CP-CWB-W1076,Acer,Aspire A515-54,Windows
CP-CWB-W1040,Acer,Aspire A515-54,Windows
CP-CWB-W1150,Acer,Aspire A515-54,Windows
CP-CWB-W1198,Acer,Aspire A515-54,Windows
CP-CWB-W0966,Acer,Aspire A515-54,Windows
CP-CWB-W1148,Acer,Aspire A515-54,Windows
CP-CWB-W1126,Acer,Aspire A515-54,Windows
LOFT-W6137,Dell Inc.,Latitude 3420,Windows
LOFT-W6582,Dell Inc.,Latitude 3420,Windows
LOFT-W6401,Dell Inc.,Latitude 3420,Windows
LOFT-W6109,Dell Inc.,Latitude 3420,Windows
LOFT-W6573,Dell Inc.,Latitude 3420,Windows
CP-W0659,Dell Inc.,Latitude 3490,Windows
CP-W0267,Dell Inc.,Latitude 3490,Windows
CP-W0927,Dell Inc.,Latitude 3490,Windows
LOFT-W0731,Dell Inc.,Latitude 3400,Windows
CP-W0262,Dell Inc.,Latitude 3490,Windows
CP-W0863,Dell Inc.,Latitude 3400,Windows
CP-W3950,Dell Inc.,Latitude 3400,Windows
CP-W0350,Dell Inc.,Latitude 3400,Windows
LOFT-M3181,Apple Inc.,"MacBook Pro (16-inch, 2021)",macOS
CP-W2070,Dell Inc.,Latitude 3400,Windows
LOFT-M3091,Apple Inc.,"MacBook Pro (16-inch, 2021)",macOS
LOFT-M3091,Apple Inc.,"MacBook Pro (16-inch, 2021)",macOS
LOFT-M3095,Apple Inc.,"MacBook Pro (16-inch, 2021)",macOS
LOFT-M3095,Apple Inc.,"MacBook Pro (16-inch, 2021)",macOS
LOFT-M3166,Apple Inc.,"MacBook Pro (16-inch, 2021)",macOS
LOFT-M3166,Apple Inc.,"MacBook Pro (16-inch, 2021)",macOS
LOFT-M3469,Apple Inc.,"MacBookPro16,1",macOS
LOFT-M3469,Apple Inc.,"MacBookPro16,1",macOS
CP-CWB-W2034,Acer,Aspire A515-54,Windows
LOFT-W2069,Dell Inc.,Latitude 3400,Windows
MININT-G6SKR7Q,Dell Inc.,Latitude 3400,Windows
LOFT-W0440,Dell Inc.,Latitude 3490,Windows
CP-CWB-W1208,Acer,Aspire A515-54,Windows
CP-CWB-W0988,Acer,Aspire A515-54,Windows
CP-CWB-W1162,Acer,Aspire A515-54,Windows
CP-CWB-W0992,Acer,Aspire A515-54,Windows
CP-CWB-W0974,Acer,Aspire A515-54,Windows
CP-CWB-W0970,Acer,Aspire A515-54,Windows
LOFT-W0934,Dell Inc.,Latitude 3400,Windows
CP-CWB-W1092,Acer,Aspire A515-54,Windows
LOFT-M3096,Apple Inc.,"MacBook Pro (16-inch, 2021)",macOS
LOFT-M3096,Apple Inc.,"MacBook Pro (16-inch, 2021)",macOS
CP-CWB-W1102,Acer,Aspire A515-54,Windows
CP-CWB-W1102,Acer,Aspire A515-54,Windows
CP-CWB-W1012,Acer,Aspire A515-54,Windows
CP-CWB-W1000,Acer,Aspire A515-54,Windows
CP-CWB-W1082,Acer,Aspire A515-54,Windows
LOFT-M3183,Apple Inc.,"MacBook Pro (16-inch, 2021)",macOS
LOFT-M3183,Apple Inc.,"MacBook Pro (16-inch, 2021)",macOS
CP-CWB-W1364,Acer,Aspire A515-54,Windows
CP-CWB-W1366,Acer,Aspire A515-54,Windows
LOFT-W0259,Dell Inc.,Latitude 3490,Windows
LOFT-W0727,Dell Inc.,Latitude 3400,Windows
LOFT-M3406,Apple Inc.,"MacBookPro16,1",macOS
LOFT-M3406,Apple Inc.,"MacBookPro16,1",macOS
CP-W0460,Dell Inc.,Latitude 3490,Windows
CP-W0655,Dell Inc.,Latitude 3490,Windows
CP-W0674,Dell Inc.,Latitude 3490,Windows
CP-CWB-W0930,Acer,Aspire A515-54,Windows
CP-W0273,Dell Inc.,Latitude 3490,Windows
LOFT-W0817,Avell High Performance,Avell G1555 MUV / A62 MUV,Windows
LOFT-W0837,Avell High Performance,Avell G1555 MUV / A62 MUV,Windows
LOFT-W0810,Avell High Performance,Avell G1555 MUV / A62 MUV,Windows
LOFT-W834,Avell High Performance,Avell G1555 MUV / A62 MUV,Windows
LOFT-W702,Avell High Performance,Avell G1555 MUV / A62 MUV,Windows
LOFT-W6275,Dell Inc.,Latitude 3420,Windows
CP-W0289,Dell Inc.,Latitude 3490,Windows
CP-W0497,Dell Inc.,Latitude 3490,Windows
LOFT-M3125,Apple Inc.,"MacBook Pro (16-inch, 2021)",macOS
LOFT-M3125,Apple Inc.,"MacBook Pro (16-inch, 2021)",macOS
CP-CWB-W2091,Acer,Aspire A515-54,Windows
CP-W0466,Dell Inc.,Latitude 3490,Windows
CP-CWB-W1070,Acer,Aspire A515-54,Windows
CP-CWB-W2053,Acer,Aspire A515-54,Windows
LOFT-M2669,Apple Inc.,"MacBookPro16,1",macOS
LOFT-M2669,Apple Inc.,"MacBookPro16,1",macOS
LOFT-W6404,Dell Inc.,Latitude 3420,Windows
LOFT-M2088,Apple Inc.,"MacBookPro16,1",macOS
LOFT-W6130,Dell Inc.,Latitude 3420,Windows
LOFT-W6019,Dell Inc.,Latitude 3420,Windows
LOFT-M3442,Apple Inc.,"MacBook Pro (13-inch, M1, 2020)",macOS
LOFT-M3442,Apple Inc.,"MacBook Pro (13-inch, M1, 2020)",macOS
LOFT_W3346,Dell Inc.,Latitude 3420,Windows
LOFT-W6391,Dell Inc.,Latitude 3420,Windows
LOFT-M3896,Apple Inc.,"MacBookPro16,1",macOS
LOFT-M3896,Apple Inc.,"MacBookPro16,1",macOS
CP-CWB-W1240,Acer,Aspire A515-54,Windows
CP-CWB-W1362,Acer,Aspire A515-54,Windows
CP-CWB-W1238,Acer,Aspire A515-54,Windows
CP-CWB-W0106,Acer,Aspire A315-54K,Windows
LOFT-M3707,Apple Inc.,"MacBook Pro (13-inch, M1, 2020)",macOS
LOFT-W6527,Dell Inc.,Latitude 3420,Windows
CP-CWB-W1324,Acer,Aspire A515-54,Windows
CP-W2207,Dell Inc.,Latitude 3410,Windows
CP-W2105,Dell Inc.,Latitude 3410,Windows
CP-CWB-W0964,Acer,Aspire A515-54,Windows
CP-CWB-W1006,Acer,Aspire A515-54,Windows
CP-CWB-W1244,Acer,Aspire A515-54,Windows
LOFT-M3473,Apple Inc.,"MacBookPro16,1",macOS
LOFT-W6382,Dell Inc.,Latitude 3420,Windows
LOFTW-6430,Dell Inc.,Latitude 3420,Windows
LOFTW-6300,Dell Inc.,Latitude 3420,Windows
LOFT-W6239,Dell Inc.,Latitude 3420,Windows
LOFT-W6373,Dell Inc.,Latitude 3420,Windows
CP-W3029-2,Dell Inc.,Latitude 3410,Windows
CP-W3177,Dell Inc.,Latitude 3420,Windows
CP-W3036,Dell Inc.,Latitude 3410,Windows
CP-W3453,Dell Inc.,Latitude 3420,Windows
CP-CWB-W1230,Acer,Aspire A515-54,Windows
LOFT-M3456,Apple Inc.,"MacBookPro16,1",macOS
LOFT-M3490,Apple Inc.,"MacBookPro16,1",macOS
LOFT-M3490,Apple Inc.,"MacBookPro16,1",macOS
LOFT-M3574,Apple Inc.,"MacBookPro16,1",macOS
LOFT-M3574,Apple Inc.,"MacBookPro16,1",macOS
LOFT-M3458,Apple Inc.,"MacBookPro16,1",macOS
LOFT-M3192,Apple Inc.,"MacBook Pro (16-inch, 2021)",macOS
LOFT-M3192,Apple Inc.,"MacBook Pro (16-inch, 2021)",macOS
LOFT-M3192,Apple Inc.,"MacBook Pro (16-inch, 2021)",macOS
LOFT-M3058,Apple Inc.,"MacBook Pro (16-inch, 2021)",macOS
LOFT-M3058,Apple Inc.,"MacBook Pro (16-inch, 2021)",macOS
LOFT-M3161,Apple Inc.,"MacBook Pro (16-inch, 2021)",macOS
LOFT-M3161,Apple Inc.,"MacBook Pro (16-inch, 2021)",macOS
LOFT-M3161,Apple Inc.,"MacBook Pro (16-inch, 2021)",macOS
LOFT-M3171,Apple Inc.,"MacBook Pro (16-inch, 2021)",macOS
LOFT-M3171,Apple Inc.,"MacBook Pro (16-inch, 2021)",macOS
LOFT-M3171,Apple Inc.,"MacBook Pro (16-inch, 2021)",macOS
LOFT-M3178,Apple Inc.,"MacBook Pro (16-inch, 2021)",macOS
LOFT-M3178,Apple Inc.,"MacBook Pro (16-inch, 2021)",macOS
LOFT-M3153,Apple Inc.,"MacBook Pro (16-inch, 2021)",macOS
LOFT-M3195,Apple Inc.,"MacBook Pro (16-inch, 2021)",macOS
LOFT-M3195,Apple Inc.,"MacBook Pro (16-inch, 2021)",macOS
LOFT-M3195,Apple Inc.,"MacBook Pro (16-inch, 2021)",macOS
LOFT-M3177,Apple Inc.,"MacBook Pro (16-inch, 2021)",macOS
LOFT-M3177,Apple Inc.,"MacBook Pro (16-inch, 2021)",macOS
LOFT-M3055,Apple Inc.,"MacBook Pro (16-inch, 2021)",macOS
LOFT-M3055,Apple Inc.,"MacBook Pro (16-inch, 2021)",macOS
CP-CWB-W2036,Acer,Aspire A515-54,Windows
LOFT-M3162,Apple Inc.,"MacBook Pro (16-inch, 2021)",macOS
LOFT-M3162,Apple Inc.,"MacBook Pro (16-inch, 2021)",macOS
LOFT-M3075,Apple Inc.,"MacBook Pro (16-inch, 2021)",macOS
LOFT-M3075,Apple Inc.,"MacBook Pro (16-inch, 2021)",macOS
LOFT-W3984,Dell Inc.,Latitude 3420,Ubuntu
LOFT-W3984,Dell Inc.,Latitude 3420,Ubuntu
LOFT-M3087,Apple Inc.,"MacBook Pro (16-inch, 2021)",macOS
LOFT-M3087,Apple Inc.,"MacBook Pro (16-inch, 2021)",macOS
LOFT-M3083,Apple Inc.,"MacBook Pro (16-inch, 2021)",macOS
LOFT-M3083,Apple Inc.,"MacBook Pro (16-inch, 2021)",macOS
LOFT-M3086,Apple Inc.,"MacBook Pro (16-inch, 2021)",macOS
LOFT-M3086,Apple Inc.,"MacBook Pro (16-inch, 2021)",macOS
LOFT-M3184,Apple Inc.,"MacBook Pro (16-inch, 2021)",macOS
LOFT-M3184,Apple Inc.,"MacBook Pro (16-inch, 2021)",macOS
LOFT-W6521,Dell Inc.,Latitude 3420,Windows
LOFT-W6354,Dell Inc.,Latitude 3420,Windows
CP-W3853,Dell Inc.,Latitude 3410,Windows
CP-W3853,Dell Inc.,Latitude 3410,Windows
CP-W3291,Dell Inc.,Latitude 3420,Windows
LOFT-W6378,Dell Inc.,Latitude 3420,Windows
LOFT-M3180,Apple Inc.,"MacBook Pro (16-inch, 2021)",macOS
LOFT-M3180,Apple Inc.,"MacBook Pro (16-inch, 2021)",macOS
LOFT-M3180,Apple Inc.,"MacBook Pro (16-inch, 2021)",macOS
LOFT-W6536,Dell Inc.,Latitude 3420,Windows
cp-win10-teste-01,"VMware, Inc.","VMware7,1",Windows
LOFT-M3590,Apple Inc.,"MacBookPro16,1",macOS
LOFT-M3590,Apple Inc.,"MacBookPro16,1",macOS
LOFT-M3897,Apple Inc.,"MacBookPro16,1",macOS
LOFT-M3897,Apple Inc.,"MacBookPro16,1",macOS
LOFT-W6222,Dell Inc.,Latitude 3420,Windows
CP-CWB-W1138,Acer,Aspire A515-54,Windows
CP-CWB-W1176,Acer,Aspire A515-54,Windows
LOFT-W6535,Dell Inc.,Latitude 3420,Windows
LOFT-M3476,Apple Inc.,"MacBookPro16,1",macOS
LOFT-M3476,Apple Inc.,"MacBookPro16,1",macOS
LOFT-W6323,Dell Inc.,Latitude 3420,Windows
LOFT-W6341,Dell Inc.,Latitude 3420,Windows
CP-CWB-W1214,Acer,Aspire A515-54,Windows
LOFT-W6340,Dell Inc.,Latitude 3420,Windows
CP-CWB-W1078,Acer,Aspire A515-54,Windows
CP-W2143,Dell Inc.,Latitude 3410,Windows
LOFT-W6077,Dell Inc.,Latitude 3420,Windows
CP-W3043,Dell Inc.,Latitude 3410,Windows
CP-CWB-W1212,Acer,Aspire 515-54,Windows
CP-CWB-W0996,Acer,Aspire A515-54,Windows
LOFT-W6084,Dell Inc.,Latitude 3420,Windows
CP-W3029,Dell Inc.,Latitude 3410,Windows
LOFT-SPM-2549,Apple Inc.,"MacBookPro16,1",macOS
LOFT-W6524,Dell Inc.,Latitude 3420,Windows
LOFT-W6525,Dell Inc.,Latitude 3420,Windows
LOFT-W6141,Dell Inc.,Latitude 3420,Windows
LOFT-W6042,Dell Inc.,Latitude 3420,Windows
LOFT-W6576,Dell Inc.,Latitude 3420,Windows
VISTA-W0110,Dell Inc.,Latitude 3420,Windows
CP-CWB-W2134,Dell Inc.,Inspiron 15 5510,Windows
LOFT-W6210,Dell Inc.,Latitude 3420,Windows
LOFT-W6476,Dell Inc.,Latitude 3420,Windows
CP-W0470,Dell Inc.,Latitude 3490,Windows
LOFT-W6041,Dell Inc.,Latitude 3420,Windows
CP-W3154,Dell Inc.,Latitude 3420,Windows
CP-W3289,Dell Inc.,Latitude 3420,Windows
CP-W3184,Dell Inc.,Latitude 3420,Windows
CP-W2111,Dell Inc.,Latitude 3410,Windows
CP-CWB-W1030,Acer,Aspire A515-54,Windows
CREDPCTBINA1134,Acer,Aspire A515-54,Windows
LOFT-W6238,Dell Inc.,Latitude 3420,Windows
LOFT-W6343,Dell Inc.,Latitude 3420,Windows
LOFT-W6006,Dell Inc.,Latitude 3420,Windows
LOFT-W6200,Dell Inc.,Latitude 3420,Windows
LOFT-W6307,Dell Inc.,Latitude 3420,Windows
LOFT-W6337,Dell Inc.,Latitude 3420,Windows
LOFT-W6376,Dell Inc.,Latitude 3420,Windows
LOFT-W6534,Dell Inc.,Latitude 3420,Windows
MacSolution-Teste-2,Apple Inc.,Apple Virtual Machine 1,macOS
CP-W3506,Dell Inc.,Latitude 3420,Windows
CP-W3002,Dell Inc.,Latitude 3410,Windows
CP-W3254,Dell Inc.,Latitude 3420,Windows
CP-W2178,Dell Inc.,Latitude 3410,Windows
LOFT-W6061,Dell Inc.,Latitude 3420,Windows
LOFT-W6056,Dell Inc.,Latitude 3420,Windows
LOFT-W6248,Dell Inc.,Latitude 3420,Windows
CP-W3509,Dell Inc.,Latitude 3420,Windows
VISTA-L0063,Acer,Aspire A315-56,Ubuntu
CP-CWB-W1142,Acer,Aspire A515-54,Windows
LOFT-W6419,Dell Inc.,Latitude 3420,Windows
LOFT-W6543,Dell Inc.,Latitude 3420,Windows
LOFT-W6529,Dell Inc.,Latitude 3420,Windows
LOFT-W6515,Dell Inc.,Latitude 3420,Windows
LOFT-W6179,Dell Inc.,Latitude 3420,Windows
LOFT-W6224,Dell Inc.,Latitude 3420,Windows
LOFT-W6386,Dell Inc.,Latitude 3420,Windows
LOFT-W6184,Dell Inc.,Latitude 3420,Windows
LOFT-W6232,Dell Inc.,Latitude 3420,Windows
LOFT-W6302,Dell Inc.,Latitude 3420,Windows
LOFT-W6398,Dell Inc.,Latitude 3420,Windows
LOFT-W6298,Dell Inc.,Latitude 3420,Windows
LOFT-W6099,Dell Inc.,Latitude 3420,Windows
LOFT-W6249,Dell Inc.,Latitude 3420,Windows
LOFT-W6380,Dell Inc.,Latitude 3420,Windows
LOFT-W6225,Dell Inc.,Latitude 3420,Windows
LOFT-W6055,Dell Inc.,Latitude 3420,Windows
CP-W2206,Dell Inc.,Latitude 3410,Windows
CP-W3285,Dell Inc.,Latitude 3420,Windows
CP-W3299,Dell Inc.,Latitude 3420,Windows
CP-W3286,Dell Inc.,Latitude 3420,Windows
LOFT-W6445,Dell Inc.,Latitude 3420,Windows
LOFT-W6266,Dell Inc.,Latitude 3420,Windows
CP-W2124,Dell Inc.,Latitude 3410,Windows
LOFT-W6235,Dell Inc.,Latitude 3420,Windows
LOFT-W6377,Dell Inc.,Latitude 3420,Windows
LOFT-W6023,Dell Inc.,Latitude 3420,Windows
LOFT-W3215,Dell Inc.,Latitude 3420,Windows
LOFT-W6093,Dell Inc.,Latitude 3420,Windows
LOFT-W6456,Dell Inc.,Latitude 3420,Windows
LOFT-W6477,Dell Inc.,Latitude 3420,Windows
LOFT-W6462,Dell Inc.,Latitude 3420,Windows
LOFT-W6070,Dell Inc.,Latitude 3420,Windows
LOFT-W6441,Dell Inc.,Latitude 3420,Windows
LOFT-W6474,Dell Inc.,Latitude 3420,Windows
LOFT-W6353,Dell Inc.,Latitude 3420,Windows
LOFT-W6069,Dell Inc.,Latitude 3420,Windows
LOFT-W6481,Dell Inc.,Latitude 3420,Windows
CP-W3020,Dell Inc.,Latitude 3410,Windows
CP-W3023,Dell Inc.,Latitude 3410,Windows
LOFT-W6463,Dell Inc.,Latitude 3420,Windows
LOFT-M3575,Apple Inc.,"MacBookPro16,1",macOS
LOFT-M3575,Apple Inc.,"MacBookPro16,1",macOS
CP-CWB-W1166,Acer,Aspire A515-54,Windows
LOFT-W6500,Dell Inc.,Latitude 3420,Windows
LOFT-W6413,Dell Inc.,Latitude 3420,Windows
LOFT-W6352,Dell Inc.,Latitude 3420,Windows
LOFT-W6171,Dell Inc.,Latitude 3420,Windows
LOFT-W6168,Dell Inc.,Latitude 3420,Windows
LOFT-M3680,Apple Inc.,"MacBook Pro (16-inch, 2021)",macOS
LOFT-M3680,Apple Inc.,"MacBook Pro (16-inch, 2021)",macOS
CP-CWB-W1010,Acer,Aspire A515-54,Windows
CP-CWB-W1144,Acer,Aspire A515-54,Windows
LOFT-W6153,Dell Inc.,Latitude 3420,Windows
LOFT-W6336,Dell Inc.,Latitude 3420,Windows
LOFT-W6489,Dell Inc.,Latitude 3420,Windows
LOFT-W6496,Dell Inc.,Latitude 3420,Windows
LOFT-W6192,Dell Inc.,Latitude 3420,Windows
CP-W0894,Dell Inc.,Latitude 3400,Windows
CP-W0878,Dell Inc.,Latitude 3400,Windows
CP-W0687,Dell Inc.,Latitude 3490,Windows
CP-W0675,Dell Inc.,Latitude 3490,Windows
CP-W2650,Dell Inc.,Latitude 3400,Windows
CP-W3076,Dell Inc.,Latitude 3420,Windows
LOFT-M03447,Apple Inc.,"MacBook Pro (13-inch, M1, 2020)",macOS
LOFT-M03447,Apple Inc.,"MacBook Pro (13-inch, M1, 2020)",macOS
LOFT-M3102,Apple Inc.,"MacBook Pro (16-inch, 2021)",macOS
LOFT-M3102,Apple Inc.,"MacBook Pro (16-inch, 2021)",macOS
LOFT-W6424,Dell Inc.,Latitude 3420,Windows
LOFT-W6159,Dell Inc.,Latitude 3420,Windows
LOFT-W6461,Dell Inc.,Latitude 3420,Windows
LOFT-W6475,Dell Inc.,Latitude 3420,Windows
LOFT-W6400,Dell Inc.,Latitude 3420,Windows
LOFT-M3173,Apple Inc.,"MacBook Pro (16-inch, 2021)",macOS
LOFT-M3173,Apple Inc.,"MacBook Pro (16-inch, 2021)",macOS
LOFT-M3173,Apple Inc.,"MacBook Pro (16-inch, 2021)",macOS
LOFT-W6221,Dell Inc.,Latitude 3420,Windows
LOFT-W6458,Dell Inc.,Latitude 3420,Windows
LOFT-W6351,Dell Inc.,Latitude 3420,Windows
LOFT-M3721,Apple Inc.,"MacBook Pro (13-inch, M1, 2020)",macOS
LOFT-M3721,Apple Inc.,"MacBook Pro (13-inch, M1, 2020)",macOS
LOFT-W6491,Dell Inc.,Latitude 3420,Windows
LOFT-W6436,Dell Inc.,Latitude 3420,Windows
LOFT-W6509,Dell Inc.,Latitude 3420,Windows
LOFT-W6186,Dell Inc.,Latitude 3420,Windows
LOFT-W6442,Dell Inc.,Latitude 3420,Windows
LOFT-W6245,Dell Inc.,Latitude 3420,Windows
LOFT-W6147,Dell Inc.,Latitude 3420,Windows
VISTA-W0009,Dell Inc.,Latitude 3420,Windows
LOFT-M3104,Apple Inc.,"MacBook Pro (16-inch, 2021)",macOS
LOFT-M3104,Apple Inc.,"MacBook Pro (16-inch, 2021)",macOS
MacBook Pro de Gabriel,Apple Inc.,"MacBookPro16,1",macOS
LOFT-M3101,Apple Inc.,"MacBook Pro (16-inch, 2021)",macOS
LOFT-M3101,Apple Inc.,"MacBook Pro (16-inch, 2021)",macOS
LOFT-M3785,Apple Inc.,"MacBook Pro (16-inch, 2021)",macOS
LOFT-M3785,Apple Inc.,"MacBook Pro (16-inch, 2021)",macOS
VISTA-W0031,Dell Inc.,Latitude 3410,Windows
CP-CWB-M0696,Apple Inc.,"MacBook Air (M1, 2020)",macOS
CP-CWB-M0696,Apple Inc.,"MacBook Air (M1, 2020)",macOS
LOFT-W6417,Dell Inc.,Latitude 3420,Windows
LOFT-W6384,Dell Inc.,Latitude 3420,Windows
LOFT-W6363,Dell Inc.,Latitude 3420,Windows
LOFT-W6448,Dell Inc.,Latitude 3420,Windows
LOFT-W6312,Dell Inc.,Latitude 3420,Windows
LOFT-W6233,Dell Inc.,Latitude 3420,Windows
VISTA-W0041,Dell Inc.,Latitude 3410,Windows
LOFT-W6389,Dell Inc.,Latitude 3420,Windows
LOFT-W6513,Dell Inc.,Latitude 3420,Windows
LOFT-W6368,Dell Inc.,Latitude 3420,Windows
LOFT-W6214,Dell Inc.,Latitude 3420,Windows
LOFT-W6396,Dell Inc.,Latitude 3420,Windows
CP-W3214,Dell Inc.,Latitude 3420,Windows
CP-W3066,Dell Inc.,Latitude 3420,Windows
CP-W3640,Dell Inc.,Latitude 3420,Windows
LOFT-W6519,Dell Inc.,Latitude 3420,Windows
VISTA-W0047,Dell Inc.,Latitude 3410,Windows
CP-CWB-W1004,Acer,Aspire A515-54,Windows
CP-CWB-W1004,Acer,Aspire A515-54,Windows
LOFT-W6131,Dell Inc.,Latitude 3420,Windows
LOFT-W3261,Dell Inc.,Latitude 3420,Windows
LOFT-W3547,Dell Inc.,Latitude 3420,Windows
LOFT-M3605,Apple Inc.,"MacBookPro16,1",macOS
LOFT-M3605,Apple Inc.,"MacBookPro16,1",macOS
LOFT-M3471,Apple Inc.,"MacBookPro16,1",macOS
LOFT-M3471,Apple Inc.,"MacBookPro16,1",macOS
LOFT-M0366,Apple Inc.,"MacBookPro16,1",macOS
LOFT-M0366,Apple Inc.,"MacBookPro16,1",macOS
LOFT-M3466,Apple Inc.,"MacBookPro16,1",macOS
LOFT-M3466,Apple Inc.,"MacBookPro16,1",macOS
LOFT-M1075,Apple Inc.,"MacBookPro16,1",macOS
LOFT-M1075,Apple Inc.,"MacBookPro16,1",macOS
LOFT-W6003,Dell Inc.,Latitude 3420,Windows
LOFT-W6470,Dell Inc.,Latitude 3420,Windows
VISTA-W0046,Dell Inc.,Latitude 3410,Windows
LOFT-W6457,Dell Inc.,Latitude 3420,Windows
LOFT-W6103,Dell Inc.,Latitude 3420,Windows
LOFT-W6370,Dell Inc.,Latitude 3420,Windows
CP-CWB-W2021,Acer,Aspire A515-54,Windows
VISTA-W0055,Dell Inc.,Latitude 3410,Windows
VISTA-W0057,Dell Inc.,Latitude 3410,Windows
VISTA-W0081,Dell Inc.,Latitude 3410,Windows
LOFT-W6439,Dell Inc.,Latitude 3420,Windows
CP-CWB-W0924,Acer,Aspire A515-54,Windows
LOFT-W6414,Dell Inc.,Latitude 3420,Windows
LOFT-W3056,Dell Inc.,Latitude 3420,Windows
CP-W3225,Dell Inc.,Latitude 3420,Windows
VISTA-W0106,Dell Inc.,Latitude 3420,Windows
VISTA-W0020,Dell Inc.,Latitude 3410,Windows
VISTA-W0052,Dell Inc.,Latitude 3410,Windows
VISTA-W0091,Dell Inc.,Latitude 3410,Windows
VISTA-W0072,Dell Inc.,Latitude 3410,Windows
VISTA-W0027,Dell Inc.,Latitude 3410,Windows
CP-JVL-W0853,Acer,Aspire A315-56,Windows
VISTA-W0053,Dell Inc.,Latitude 3410,Windows
CP-W2146,Dell Inc.,Latitude 3410,Windows
MacBook Air de admin,Apple Inc.,"MacBookAir9,1",macOS
LOFT-W3495,Dell Inc.,Latitude 3420,Windows
LOFT-M3593,Apple Inc.,"MacBookPro16,1",macOS
LOFT-M3593,Apple Inc.,"MacBookPro16,1",macOS
LOFT-M3593,Apple Inc.,"MacBookPro16,1",macOS
VISTA-W0088,Dell Inc.,Latitude 3410,Windows
VISTA-W0102,Dell Inc.,Latitude 3410,Windows
LOFT-W6420,Dell Inc.,Latitude 3420,Windows
CP-JOI-M2003,Apple Inc.,"MacBook Air (M1, 2020)",macOS
CP-JOI-M2003,Apple Inc.,"MacBook Air (M1, 2020)",macOS
CP-JOI-M2003,Apple Inc.,"MacBook Air (M1, 2020)",macOS
VISTA-W0074,Dell Inc.,Latitude 3420,Windows
VISTA-W0045,Dell Inc.,Latitude 3420,Windows
VISTA-W0062,Dell Inc.,Latitude 3410,Windows
LOFT-W6073,Dell Inc.,Latitude 3420,Windows
LOFT-W6320,Dell Inc.,Latitude 3420,Windows
LOFT-L3993,Avell High Performance,A70,Ubuntu
CP-W0779,Dell Inc.,Latitude 3400,Windows
LOFT-M1356,Apple Inc.,"MacBookPro16,1",macOS
LOFT-W2153,Dell Inc.,XPS 13 9300,Windows
LOFT-M3654,Apple Inc.,"MacBook Pro (13-inch, M1, 2020)",macOS
LOFT-M3654,Apple Inc.,"MacBook Pro (13-inch, M1, 2020)",macOS
LOFT-M3654,Apple Inc.,"MacBook Pro (13-inch, M1, 2020)",macOS
LOFT-W6240,Dell Inc.,Latitude 3420,Windows
LOFT-M2078,Apple Inc.,"MacBookPro16,1",macOS
LOFT-M2078,Apple Inc.,"MacBookPro16,1",macOS
LOFT-M2009,Apple Inc.,"MacBookPro16,1",macOS
LOFT-M2009,Apple Inc.,"MacBookPro16,1",macOS
LOFT-M2009,Apple Inc.,"MacBookPro16,1",macOS
LOFT-M1024,Apple Inc.,"MacBookPro16,1",macOS
LOFT-M1024,Apple Inc.,"MacBookPro16,1",macOS
LOFT-M3876,Apple Inc.,"MacBookPro16,1",macOS
LOFT-M3895,Apple Inc.,"MacBookPro16,1",macOS
LOFT-M3895,Apple Inc.,"MacBookPro16,1",macOS
LOFT-M3895,Apple Inc.,"MacBookPro16,1",macOS
LOFT-W6068,Dell Inc.,Latitude 3420,Windows
CP-W0192,Dell Inc.,Latitude 3490,Windows
CP-CWB-W1032,Acer,Aspire A515-54,Windows
CP-W0433,Dell Inc.,Latitude 3490,Windows
CP-W0754,Dell Inc.,Latitude 3400,Windows
CP-W2429,Dell Inc.,Latitude 3400,Windows
LOFT-M3703,Apple Inc.,"MacBook Pro (13-inch, M1, 2020)",macOS
LOFT-M3703,Apple Inc.,"MacBook Pro (13-inch, M1, 2020)",macOS
VISTA-W0098,Dell Inc.,Latitude 3410,Windows
VISTA-W0095,Dell Inc.,Latitude 3410,Windows
VISTA-W0066,Dell Inc.,Latitude 3410,Windows
CP-CWB-W1250,Dell Inc.,Inspiron 15 5510,Windows
VISTA-W0076,Dell Inc.,Latitude 3420,Windows
VISTA-W0103,Dell Inc.,Latitude 3420,Windows
VISTA-W0084,Dell Inc.,Latitude 3410,Windows
CP-CWB-W2070,Acer,Aspire A515-54,Windows
VISTA-W0104,Dell Inc.,Latitude 3410,Windows
VISTA-W0077,Dell Inc.,Latitude 3420,Windows
VISTA-W0026,Dell Inc.,Latitude 3420,Windows
LOFT-M2488,Apple Inc.,"MacBookPro16,1",macOS
VISTA-W0001,Dell Inc.,Latitude 3420,Windows
CP-W3259,Dell Inc.,Latitude 3420,Windows
VISTA-W0019,Dell Inc.,Latitude 3420,Windows
LOFT-W6538,Dell Inc.,Latitude 3420,Windows
LOFT-W6303,Dell Inc.,Latitude 3420,Windows
LOFT-W0001,LENOVO,21DECTO1WW,Windows
CP-W3271,Dell Inc.,Latitude 3420,Windows
CP-W3030,Dell Inc.,Latitude 3410,Windows
CP-W3494,Dell Inc.,Latitude 3420,Windows
CP-W3097,Dell Inc.,Latitude 3420,Windows
CP-W3097,Dell Inc.,Latitude 3420,Windows
CP-W3062,Dell Inc.,Latitude 3420,Windows
CP-W3062,Dell Inc.,Latitude 3420,Windows
LOFT-W6142,Dell Inc.,Latitude 3420,Windows
CP-W3307,Dell Inc.,Latitude 3420,Windows
CP-CWB-W1064,Acer,Aspire A515-54,Windows
CP-CWB-W2007,Acer,Aspire A515-54,Windows
CP-CWB-W1002,Acer,Aspire A515-54,Windows
CP-W3115,Dell Inc.,Latitude 3420,Windows
LOFT-W6297,Dell Inc.,Latitude 3420,Windows
LOFT-W6128,Dell Inc.,Latitude 3420,Windows
LOFT-W6379,Dell Inc.,Latitude 3420,Windows
CP-W3364,Dell Inc.,Latitude 3420,Windows
LOFT-W6088,Dell Inc.,Latitude 3420,Windows
CP-CWB-W2043,Acer,Aspire A515-54,Windows
LOFT-W6079,Dell Inc.,Latitude 3420,Windows
LOFT-W6518,Dell Inc.,Latitude 3420,Windows
CP-W3172,Dell Inc.,Latitude 3420,Windows
CP-CWB-W0956,Acer,Aspire A515-54,Windows
LOFT-W2195,Dell Inc.,Latitude 3410,Windows
LOFT-W2225,Dell Inc.,Latitude 3410,Windows
LOFT-W2297,Dell Inc.,Latitude 3410,Windows
LOFT-W3633,Dell Inc.,Latitude 3410,Windows
LOFT-W2671,Dell Inc.,Latitude 3410,Windows
LOFT-W3038,Dell Inc.,Latitude 3410,Windows
LOFT-W2127,Dell Inc.,Latitude 3410,Windows
LOFT-W3021,Dell Inc.,Latitude 3410,Windows
LOFT-W6342,Dell Inc.,Latitude 3420,Windows
LOFT-W2339,Dell Inc.,Latitude 3410,Windows
CP-W3004,Dell Inc.,Latitude 3410,Windows
LOFT-W3139,Dell Inc.,Latitude 3420,Windows
LOFT-W2340,Dell Inc.,Latitude 3410,Windows
LOFT-W2294,Dell Inc.,Latitude 3410,Windows
LOFT-W-6350,Dell Inc.,Latitude 3420,Windows
LOFT-W2223,Dell Inc.,Latitude 3410,Windows
LOFT-W3724,Dell Inc.,Latitude 3420,Windows
LOFT-W2331,Dell Inc.,Latitude 3410,Windows
LOFT-W3659,Dell Inc.,Latitude 3420,Windows
LOFT-W2199,Dell Inc.,Latitude 3410,Windows
LOFT-W6074,Dell Inc.,Latitude 3420,Windows
LOFT-W6486,Dell Inc.,Latitude 3420,Windows
LOFT-W6541,Dell Inc.,Latitude 3420,Windows
LOFT-W6165,Dell Inc.,Latitude 3420,Windows
LOFT-W6149,Dell Inc.,Latitude 3420,Windows
LOFT-W6083,Dell Inc.,Latitude 3420,Windows
CP-CWB-W1056,Acer,Aspire A515-54,Windows
CP-W3721,Dell Inc.,Latitude 3420,Windows
CP-W3721,Dell Inc.,Latitude 3420,Windows
CP-W3221,Dell Inc.,Latitude 3420,Windows
CP-W2107,Dell Inc.,Latitude 3410,Windows
CP-W2101,Dell Inc.,Latitude 3410,Windows
CP-W3047,Dell Inc.,Latitude 3410,Windows
CP-W3045,Dell Inc.,Latitude 3410,Windows
CP-W3012,Dell Inc.,Latitude 3410,Windows
CP-W3001,Dell Inc.,Latitude 3410,Windows
CP-W2709,Dell Inc.,Latitude 3410,Windows
CP-W2996,Dell Inc.,Latitude 3410,Windows
CP-W3040,Dell Inc.,Latitude 3410,Windows
CP-W3040,Dell Inc.,Latitude 3410,Windows
CP-W3031,Dell Inc.,Latitude 3410,Windows
VISTA-W0022,Dell Inc.,Latitude 3420,Windows
VISTA-W0021,Dell Inc.,Latitude 3420,Windows
VISTA-W0092,Dell Inc.,Latitude 3420,Windows
VISTA-W0043,Dell Inc.,Latitude 3420,Windows
VISTA-W0089,Dell Inc.,Latitude 3420,Windows
VISTA-W0087,Dell Inc.,Latitude 3420,Windows
VISTA-W0018,Dell Inc.,Latitude 3420,Windows
CP-W3003,Dell Inc.,Latitude 3410,Windows
CP-CWB-W1046,Acer,Aspire A515-54,Windows
CP-W2121,Dell Inc.,Latitude 3410,Windows
LOFT-W6057,Dell Inc.,Latitude 3420,Windows
LOFT-W6182,Dell Inc.,Latitude 3420,Windows
LOFT-W6499,Dell Inc.,Latitude 3420,Windows
LOFT-W6502,Dell Inc.,Latitude 3420,Windows
LOFT-W6172,Dell Inc.,Latitude 3420,Windows
LOFT-W6098,Dell Inc.,Latitude 3420,Windows
VISTA-W0086,Dell Inc.,Latitude 3420,Windows
VISTA-W0040,Dell Inc.,Latitude 3420,Windows
VISTA-W0003,Dell Inc.,Latitude 3420,Windows
VISTA-W0100,Dell Inc.,Latitude 3420,Windows
VISTA-W0004,Dell Inc.,Latitude 3420,Windows
VISTA-W0024,Dell Inc.,Latitude 3420,Windows
VISTA-W0093,Dell Inc.,Latitude 3420,Windows
CP-W3037,Dell Inc.,Latitude 3410,Windows
CP-W3037,Dell Inc.,Latitude 3410,Windows
CP-W2103,Dell Inc.,Latitude 3410,Windows
CP-W2115,Dell Inc.,Latitude 3410,Windows
CP-W2140,Dell Inc.,Latitude 3410,Windows
CP-W2141,Dell Inc.,Latitude 3410,Windows
VISTA-W0108,Dell Inc.,Latitude 3420,Windows
VISTA-W0109,Dell Inc.,Latitude 3420,Windows
VISTA-W0112,Dell Inc.,Latitude 3420,Windows
CP-W3049,Dell Inc.,Latitude 3410,Windows
LOFT-W6013,Dell Inc.,Latitude 3420,Windows
VISTA-W0113,Dell Inc.,Latitude 3420,Windows
CP-W3007,Dell Inc.,Latitude 3410,Windows
CP-W3022,Dell Inc.,Latitude 3410,Windows
CP-W2995,Dell Inc.,Latitude 3410,Windows
CP-W2113,Dell Inc.,Latitude 3410,Windows
CP-W2139,Dell Inc.,Latitude 3410,Windows
LOFT-W6465,Dell Inc.,Latitude 3420,Windows
CP-W3027,Dell Inc.,Latitude 3410,Windows
VISTA-W0114,Dell Inc.,Latitude 3420,Windows
CP-W3015,Dell Inc.,Latitude 3410,Windows
CP-W2723,Dell Inc.,Latitude 3410,Windows
LOFT-M2477,Apple Inc.,"MacBookPro16,1",macOS
LOFT-M2477,Apple Inc.,"MacBookPro16,1",macOS
LOFT-W6113,Dell Inc.,Latitude 3420,Windows
LOFT-W6423,Dell Inc.,Latitude 3420,Windows
LOFT-W6053,Dell Inc.,Latitude 3420,Windows
LOFT-W6010,Dell Inc.,Latitude 3420,Windows
LOFT-W6438,Dell Inc.,Latitude 3420,Windows
LOFT-W6016,Dell Inc.,Latitude 3420,Windows
CP-W2465,Dell Inc.,Latitude 3410,Windows
LOFT-W6437,Dell Inc.,Latitude 3420,Windows
CP-W2489,Dell Inc.,Latitude 3410,Windows
LOFT-W6005,Dell Inc.,Latitude 3420,Windows
VISTA-W0118,Dell Inc.,Latitude 3420,Windows
VISTA-W0117,Dell Inc.,Latitude 3420,Windows
VISTA-W0116,Dell Inc.,Latitude 3420,Windows
CP-CWB-W2048,Acer,Aspire A515-54,Windows
CP-W2277,Dell Inc.,Latitude 3410,Windows
CP-W2685,Dell Inc.,Latitude 3410,Windows
CP-W2275,Dell Inc.,Latitude 3410,Windows
CP-CWB-W1132,Acer,Aspire A515-54,Windows
LOFT-M3756,Apple Inc.,"MacBookPro16,1",macOS
LOFT-M3756,Apple Inc.,"MacBookPro16,1",macOS
LOFT-3524,Apple Inc.,"MacBookPro16,1",macOS
LOFT-3524,Apple Inc.,"MacBookPro16,1",macOS
CP-W2201,Dell Inc.,Latitude 3410,Windows
LOFT-M3504,Apple Inc.,"MacBookPro16,1",macOS
LOFT-M3504,Apple Inc.,"MacBookPro16,1",macOS
LOFT-M3450,Apple Inc.,"MacBookPro16,1",macOS
LOFT-M3450,Apple Inc.,"MacBookPro16,1",macOS
CP-W2343,Dell Inc.,Latitude 3410,Windows
CP-W2661,Dell Inc.,Latitude 3410,Windows
CP-W2661,Dell Inc.,Latitude 3410,Windows
CP-W2665,Dell Inc.,Latitude 3410,Windows
CP-W2317,Dell Inc.,Latitude 3410,Windows
CP-W2001,Dell Inc.,Inspiron 3501,Windows
CP-W2226,Dell Inc.,Latitude 3410,Windows
CP-W3009,Dell Inc.,Latitude 3410,Windows
CP-W2291,Dell Inc.,Latitude 3410,Windows
LOFT-M3467,Apple Inc.,"MacBookPro16,1",macOS
LOFT-M3467,Apple Inc.,"MacBookPro16,1",macOS
LOFT-M1376,Apple Inc.,"MacBookPro16,1",macOS
LOFT-M1376,Apple Inc.,"MacBookPro16,1",macOS
CP-W2667,Dell Inc.,Latitude 3410,Windows
CP-W2487,Dell Inc.,Latitude 3410,Windows
CP-W3004,Dell Inc.,Latitude 3410,Windows
LOFT-M3788,Apple Inc.,"MacBookPro16,1",macOS
LOFT-M3788,Apple Inc.,"MacBookPro16,1",macOS
LOFT-M3671,Apple Inc.,"MacBook Pro (13-inch, M1, 2020)",macOS
LOFT-M3671,Apple Inc.,"MacBook Pro (13-inch, M1, 2020)",macOS
CP-W2455,Dell Inc.,Latitude 3410,Windows
MacBook Pro de admin,Apple Inc.,"MacBook Pro (13-inch, M1, 2020)",macOS
CP-W2212,Dell Inc.,Latitude 3410,Windows
CP-W2179,Dell Inc.,Latitude 3410,Windows
CP-W2202,Dell Inc.,Latitude 3410,Windows
CP-W2196,Dell Inc.,Latitude 3410,Windows
CP-W2196,Dell Inc.,Latitude 3410,Windows
CP-W2699,Dell Inc.,Latitude 3410,Windows
CP-W2228,Dell Inc.,Latitude 3410,Windows
CP-W2292,Dell Inc.,Latitude 3410,Windows
CP-W2220,Dell Inc.,Latitude 3410,Windows
CP-CWB-W0944,Acer,Aspire A515-54,Windows
LOFT-W6433,Dell Inc.,Latitude 3420,Windows
LOFT-W6216,Dell Inc.,Latitude 3420,Windows
LOFT-M3084,Apple Inc.,"MacBook Pro (16-inch, 2021)",macOS
LOFT-M3084,Apple Inc.,"MacBook Pro (16-inch, 2021)",macOS
LOFT-M3084,Apple Inc.,"MacBook Pro (16-inch, 2021)",macOS
LOFT-M3691,Apple Inc.,"MacBook Pro (13-inch, M1, 2020)",macOS
LOFT-M3691,Apple Inc.,"MacBook Pro (13-inch, M1, 2020)",macOS
LOFT-W6402,Dell Inc.,Latitude 3420,Windows
LOFT-W6339,Dell Inc.,Latitude 3420,Windows
LOFT-W6115,Dell Inc.,Latitude 3420,Windows
LOFT-M3126,Apple Inc.,"MacBook Pro (16-inch, 2021)",macOS
LOFT-M3126,Apple Inc.,"MacBook Pro (16-inch, 2021)",macOS
LOFT-M3496,Apple Inc.,"MacBookPro16,1",macOS
LOFT-M3496,Apple Inc.,"MacBookPro16,1",macOS
LOFT-M3783,Apple Inc.,"MacBook Pro (13-inch, M1, 2020)",macOS
LOFT-M3783,Apple Inc.,"MacBook Pro (13-inch, M1, 2020)",macOS
CP-CWB-W1008,Acer,Aspire A515-54,Windows
LOFT-M2026,Apple Inc.,"MacBookPro16,1",macOS
LOFT-M2026,Apple Inc.,"MacBookPro16,1",macOS
CP-W3035,Dell Inc.,Latitude 3410,Windows
LOFT-W2152,Dell Inc.,XPS 13 9300,Windows
LOFT-M0083,Apple Inc.,"MacBookPro15,1",macOS
LOFT-M0083,Apple Inc.,"MacBookPro15,1",macOS
LOFT-M1387,Apple Inc.,"MacBookPro16,1",macOS
LOFT-M1387,Apple Inc.,"MacBookPro16,1",macOS
CP-CWB-W0934,Acer,Aspire A515-54,Windows
CP-CWB-W0926,Acer,Aspire A515-54,Windows
LOFT-M3499,Apple Inc.,"MacBookPro16,1",macOS
LOFT-M3499,Apple Inc.,"MacBookPro16,1",macOS
LOFT-M3499,Apple Inc.,"MacBookPro16,1",macOS
LOFT-M3167,Apple Inc.,"MacBook Pro (16-inch, 2021)",macOS
LOFT-M3167,Apple Inc.,"MacBook Pro (16-inch, 2021)",macOS
LOFT-M3454,Apple Inc.,"MacBookPro16,1",macOS
LOFT-M3454,Apple Inc.,"MacBookPro16,1",macOS
LOFT-M3454,Apple Inc.,"MacBookPro16,1",macOS
LOFT-M3115,Apple Inc.,"MacBook Pro (16-inch, 2021)",macOS
LOFT-M3475,Apple Inc.,"MacBookPro16,1",macOS
LOFT-M3475,Apple Inc.,"MacBookPro16,1",macOS
LOFT-M3108,Apple Inc.,"MacBook Pro (16-inch, 2021)",macOS
LOFT-M3108,Apple Inc.,"MacBook Pro (16-inch, 2021)",macOS
LOFT-M3715,Apple Inc.,"MacBook Pro (13-inch, M1, 2020)",macOS
LOFT-M3715,Apple Inc.,"MacBook Pro (13-inch, M1, 2020)",macOS
LOFT-M3715,Apple Inc.,"MacBook Pro (13-inch, M1, 2020)",macOS
CP-CWB-W1182,Acer,Aspire A515-54,Windows
LOFT-M3694,Apple Inc.,"MacBookPro16,1",macOS
LOFT-M3694,Apple Inc.,"MacBookPro16,1",macOS
LOFT-M3694,Apple Inc.,"MacBookPro16,1",macOS
LOFT-M3746,Apple Inc.,"MacBook Pro (16-inch, 2021)",macOS
LOFT-M3746,Apple Inc.,"MacBook Pro (16-inch, 2021)",macOS
LOFT-M3746,Apple Inc.,"MacBook Pro (16-inch, 2021)",macOS
CP-JVL-W2028,LENOVO,82HB,Windows
LOFT-W6244,Dell Inc.,Latitude 3420,Windows
LOFT-M3519,Apple Inc.,"MacBookPro16,1",macOS
VISTA-W0002,Dell Inc.,Latitude 3420,Windows
LOFT-M3874,Apple Inc.,"MacBook Pro (13-inch, M1, 2020)",macOS
LOFT-M3874,Apple Inc.,"MacBook Pro (13-inch, M1, 2020)",macOS
LOFT-M3874,Apple Inc.,"MacBook Pro (13-inch, M1, 2020)",macOS
VISTA-W0059,Dell Inc.,Latitude 3410,Windows
LOFT-W6243,Dell Inc.,Latitude 3420,Windows
CP-CWB-W1054,Acer,Aspire A515-54,Windows
loft_m1,Apple Inc.,"MacBook Pro (13-inch, M1, 2020)",macOS
loft_m1,Apple Inc.,"MacBook Pro (13-inch, M1, 2020)",macOS
loft_m1,Apple Inc.,"MacBook Pro (13-inch, M1, 2020)",macOS
LOFT-M3182,Apple Inc.,"MacBook Pro (16-inch, 2021)",macOS
LOFT-M3182,Apple Inc.,"MacBook Pro (16-inch, 2021)",macOS
LOFT-M3182,Apple Inc.,"MacBook Pro (16-inch, 2021)",macOS
LOFT-M3097,Apple Inc.,"MacBook Pro (16-inch, 2021)",macOS
LOFT-M3097,Apple Inc.,"MacBook Pro (16-inch, 2021)",macOS
LOFT-M3097,Apple Inc.,"MacBook Pro (16-inch, 2021)",macOS
LOFT-M3661,Apple Inc.,"MacBookPro16,1",macOS
LOFT-M3661,Apple Inc.,"MacBookPro16,1",macOS
LOFT-M3661,Apple Inc.,"MacBookPro16,1",macOS
LOFT-M3713,Apple Inc.,"MacBook Pro (13-inch, M1, 2020)",macOS
LOFT-M3713,Apple Inc.,"MacBook Pro (13-inch, M1, 2020)",macOS
LOFT-M3713,Apple Inc.,"MacBook Pro (13-inch, M1, 2020)",macOS
LOFT-M3189,Apple Inc.,"MacBook Pro (16-inch, 2021)",macOS
LOFT-M3189,Apple Inc.,"MacBook Pro (16-inch, 2021)",macOS
LOFT-M3189,Apple Inc.,"MacBook Pro (16-inch, 2021)",macOS
CP-W2332,Dell Inc.,Latitude 3410,Windows
LOFT-M3717,Apple Inc.,"MacBook Pro (13-inch, M1, 2020)",macOS
LOFT-M3717,Apple Inc.,"MacBook Pro (13-inch, M1, 2020)",macOS
LOFT-M3193,Apple Inc.,"MacBook Pro (16-inch, 2021)",macOS
LOFT-M3193,Apple Inc.,"MacBook Pro (16-inch, 2021)",macOS
LOFT-M3193,Apple Inc.,"MacBook Pro (16-inch, 2021)",macOS
LOFT-SPM-3543,Apple Inc.,"MacBookPro16,1",macOS
LOFT-SPM-3543,Apple Inc.,"MacBookPro16,1",macOS
LOFT-SPM-3543,Apple Inc.,"MacBookPro16,1",macOS
LOFT-M3711,Apple Inc.,"MacBook Pro (13-inch, M1, 2020)",macOS
LOFT-M3711,Apple Inc.,"MacBook Pro (13-inch, M1, 2020)",macOS
LOFT-M3711,Apple Inc.,"MacBook Pro (13-inch, M1, 2020)",macOS
CP-CWB-W2018,Acer,Aspire A515-54,Windows
LOFT-M3885,Apple Inc.,"MacBook Pro (13-inch, M1, 2020)",macOS
LOFT-M3885,Apple Inc.,"MacBook Pro (13-inch, M1, 2020)",macOS
LOFT-M3885,Apple Inc.,"MacBook Pro (13-inch, M1, 2020)",macOS
LOFT-M3509,Apple Inc.,"MacBookPro16,1",macOS
LOFT-M3509,Apple Inc.,"MacBookPro16,1",macOS
LOFT-M3179,Apple Inc.,"MacBook Pro (16-inch, 2021)",macOS
LOFT-M3179,Apple Inc.,"MacBook Pro (16-inch, 2021)",macOS
LOFT-M3179,Apple Inc.,"MacBook Pro (16-inch, 2021)",macOS
LOFT-M2990,Apple Inc.,"MacBookPro16,1",macOS
LOFT-M2990,Apple Inc.,"MacBookPro16,1",macOS
CP-W2203,Dell Inc.,Latitude 3410,Windows
VISTA-W0013,Dell Inc.,Latitude 3420,Windows
VISTA-W0058,Dell Inc.,Latitude 3420,Windows
VISTA-W0085,Dell Inc.,Latitude 3420,Windows
VISTA-W0075,Dell Inc.,Latitude 3420,Windows
CP-CWB-W1076,Acer,Aspire A515-54,Windows
CP-W2102,Dell Inc.,Latitude 3410,Windows
VISTA-W0029,Dell Inc.,Latitude 3410,Windows
CP-WSALALOFT,Dell Inc.,OptiPlex 3070,Windows
CP-CWB-W0984,Acer,Aspire A515-54,Windows
CP-CWB-W1118,Acer,Aspire A515-54,Windows
CP-CWB-W1306,Acer,Aspire A515-54,Windows
LOFT-M3655,Apple Inc.,"MacBook Pro (16-inch, 2021)",macOS
LOFT-M3655,Apple Inc.,"MacBook Pro (16-inch, 2021)",macOS
LOFT-W6318,Dell Inc.,Latitude 3420,Windows
LOFT-M3172,Apple Inc.,"MacBook Pro (16-inch, 2021)",macOS
LOFT-M3172,Apple Inc.,"MacBook Pro (16-inch, 2021)",macOS
LOFT-M3172,Apple Inc.,"MacBook Pro (16-inch, 2021)",macOS
LOFT-W6364,Dell Inc.,Latitude 3420,Windows
CP-CWB-M1970,Apple Inc.,"MacBook Pro (16-inch, 2021)",macOS
CP-CWB-M1970,Apple Inc.,"MacBook Pro (16-inch, 2021)",macOS
CP-CWB-M1971,Apple Inc.,"MacBook Pro (16-inch, 2021)",macOS
CP-CWB-M1971,Apple Inc.,"MacBook Pro (16-inch, 2021)",macOS
CP-CWB-W2123,Acer,Aspire A515-54,Windows
CP-CWB-M3709,Apple Inc.,"MacBook Pro (13-inch, M1, 2020)",macOS
CP-CWB-M3709,Apple Inc.,"MacBook Pro (13-inch, M1, 2020)",macOS
Suporte?s MacBook Pro,Apple Inc.,"MacBook Pro (13-inch, M1, 2020)",macOS
Suporte?s MacBook Pro,Apple Inc.,"MacBook Pro (13-inch, M1, 2020)",macOS
Loft-M3674,Apple Inc.,"MacBook Pro (13-inch, M1, 2020)",macOS
LOFT-M3114,Apple Inc.,"MacBook Pro (16-inch, 2021)",macOS
LOFT-M3114,Apple Inc.,"MacBook Pro (16-inch, 2021)",macOS
LOFT-M3418,Apple Inc.,"MacBook Pro (13-inch, M1, 2020)",macOS
LOFT-M3418,Apple Inc.,"MacBook Pro (13-inch, M1, 2020)",macOS
LOFT-M3200,Apple Inc.,"MacBook Pro (16-inch, 2021)",macOS
LOFT-M3200,Apple Inc.,"MacBook Pro (16-inch, 2021)",macOS
LOFT-W6060,Dell Inc.,Latitude 3420,Windows
LOFT-W6548,Dell Inc.,Latitude 3420,Windows
CP-CWB-W1130,Acer,Aspire A515-54,Windows
LOFT-W3513,Dell Inc.,Latitude 3420,Windows
LOFT-M3438,Apple Inc.,"MacBook Pro (13-inch, M1, 2020)",macOS
LOFT-M3438,Apple Inc.,"MacBook Pro (13-inch, M1, 2020)",macOS
LOFT-M3438,Apple Inc.,"MacBook Pro (13-inch, M1, 2020)",macOS
CP-CWB-W1368,Acer,Aspire A515-54,Windows
LOFT-W6381,Dell Inc.,Latitude 3420,Windows
LOFT-W6049,Dell Inc.,Latitude 3420,Windows
LOFT-W6331,Dell Inc.,Latitude 3420,Windows
LOFT-W6102,Dell Inc.,Latitude 3420,Windows
LOFT-W6416,Dell Inc.,Latitude 3420,Windows
LOFT-W6507,Dell Inc.,Latitude 3420,Windows
LOFT-W6207,Dell Inc.,Latitude 3420,Windows
LOFT-W6478,Dell Inc.,Latitude 3420,Windows
LOFT-W6205,Dell Inc.,Latitude 3420,Windows
LOFT-W6506,Dell Inc.,Latitude 3420,Windows
LOFT-W6163,Dell Inc.,Latitude 3420,Windows
LOFT-W6444,Dell Inc.,Latitude 3420,Windows
LOFT-W6330,Dell Inc.,Latitude 3420,Windows
CP-CWB-W0866,LENOVO,82HB,Windows
LOFT-M3780,Apple Inc.,"MacBook Pro (16-inch, 2021)",macOS
LOFT-M3780,Apple Inc.,"MacBook Pro (16-inch, 2021)",macOS
CP-CWB-W2038,LENOVO,82CG,Windows
LOFT-M3856,Apple Inc.,"MacBookPro16,1",macOS
LOFT-M3856,Apple Inc.,"MacBookPro16,1",macOS
CP-CWB-W0930,Acer,Aspire A515-54,Windows
VISTA-W0082,Dell Inc.,Latitude 3410,Windows
LOFT-M2310,Apple Inc.,"MacBookPro15,4",macOS
LOFT-M3688,Apple Inc.,"MacBookPro16,1",macOS
LOFT-M3688,Apple Inc.,"MacBookPro16,1",macOS
LOFT-M3688,Apple Inc.,"MacBookPro16,1",macOS
CP-W3646,Dell Inc.,Latitude 3420,Windows
CP-W3648,Dell Inc.,Latitude 3420,Windows
CP-W2234,Dell Inc.,Latitude 3410,Windows
CP-W2197,Dell Inc.,Latitude 3410,Windows
CP-W2289,Dell Inc.,Latitude 3410,Windows
CP-CWB-M1371,Apple Inc.,"MacBook Pro (16-inch, 2021)",macOS
CP-W2194,Dell Inc.,Latitude 3410,Windows
CP-W2184,Dell Inc.,Latitude 3410,Windows
CP-W2290,Dell Inc.,Latitude 3410,Windows
CP-W3648,Dell Inc.,Latitude 3420,Windows
LOFT-M0108,Apple Inc.,"MacBookPro15,1",macOS
LOFT-M0108,Apple Inc.,"MacBookPro15,1",macOS
CP-W2274,Dell Inc.,Latitude 3410,Windows
CP-W2288,Dell Inc.,Latitude 3410,Windows
LOFT-M3423,Apple Inc.,"MacBookPro16,1",macOS
LOFT-M3423,Apple Inc.,"MacBookPro16,1",macOS
CP-W2283,Dell Inc.,Latitude 3410,Windows
CP-CWB-W1034,Dell Inc.,Inspiron 5301,Windows
CP-W3165,Dell Inc.,Latitude 3420,Windows
CP-W3294,Dell Inc.,Latitude 3420,Windows
CP-W3392,Dell Inc.,Latitude 3420,Windows
CP-W2240,Dell Inc.,Latitude 3410,Windows
CP-W3334,Dell Inc.,Latitude 3420,Windows
LOFT-M3665,Apple Inc.,"MacBookPro16,1",macOS
LOFT-M3665,Apple Inc.,"MacBookPro16,1",macOS
LOFT-M3665,Apple Inc.,"MacBookPro16,1",macOS
CP-CWB-W2067,Dell Inc.,Inspiron 15 5510,Windows
LOFT-M3159,Apple Inc.,"MacBook Pro (16-inch, 2021)",macOS
MacBook Pro de Joao,Apple Inc.,"MacBook Pro (13-inch, M1, 2020)",macOS
LOFT-M3427,Apple Inc.,"MacBookPro16,1",macOS
LOFT-M3427,Apple Inc.,"MacBookPro16,1",macOS
LOFT-M3427,Apple Inc.,"MacBookPro16,1",macOS
LOFT-W6409,Dell Inc.,Latitude 3420,Windows
LOFT-W6145,Dell Inc.,Latitude 3420,Windows
LOFT-W6002,Dell Inc.,Latitude 3420,Windows
LOFT-W6311,Dell Inc.,Latitude 3420,Windows
LOFT-W6227,Dell Inc.,Latitude 3420,Windows
LOFT-W3413,Dell Inc.,Latitude 3420,Windows
LOFT-W6026,Dell Inc.,Latitude 3420,Windows
LOFT-SPW-2164,Dell Inc.,Latitude 3410,Windows
LOFT-M3793,Apple Inc.,"MacBookPro16,1",macOS
LOFT-M3793,Apple Inc.,"MacBookPro16,1",macOS
LOFT-W6310,Dell Inc.,Latitude 3420,Windows
LOFT-M3800,Apple Inc.,"MacBookPro16,1",macOS
LOFT-M3800,Apple Inc.,"MacBookPro16,1",macOS
LOFT-M3800,Apple Inc.,"MacBookPro16,1",macOS
LOFT-W6500,Dell Inc.,Latitude 3420,Windows
LOFT-M3082,Apple Inc.,"MacBook Pro (16-inch, 2021)",macOS
LOFT-M3175,Apple Inc.,"MacBook Pro (16-inch, 2021)",macOS
LOFT-M3175,Apple Inc.,"MacBook Pro (16-inch, 2021)",macOS
LOFT-M3175,Apple Inc.,"MacBook Pro (16-inch, 2021)",macOS
LOFT-M3452,Apple Inc.,"MacBookPro16,1",macOS
LOFT-M3883,Apple Inc.,"MacBook Pro (13-inch, M1, 2020)",macOS
LOFT-M3883,Apple Inc.,"MacBook Pro (13-inch, M1, 2020)",macOS
LOFT-M3883,Apple Inc.,"MacBook Pro (13-inch, M1, 2020)",macOS
